filename,price,area,room_type,location,utilities,gender_requirement,contact,notes,bedrooms,bathrooms
p1-l11_20250404-155753,. k,,,q5,máy giặt,không yêu cầu,,,,
p135-l14_20250404-172843,", k",,,,,không yêu cầu,,gần tdtu,,
p30-l2_20250404-160805,,,phòng trọ,,,không yêu cầu,,,,
p141-l7_20250404-172843,,,,quận 10,wifi,không yêu cầu,,gần đầm sen;gần luỹ bán bích,,
p1-l15_20250404-155753,4k,,,quận 10,wifi;máy lạnh;máy giặt;tủ lạnh,không yêu cầu,,gần đh bách khoa ,,
p1-l1_20250404-155753,", k",25m²,chung cư mini,quận 12,wifi;toilet riêng;ban công;máy giặt,không yêu cầu,,gần chợ minh phát)   - chỉ 2 phút ra tới chợ minh phát giúp bạn luôn mua được thực phẩm tươi ngon;gần các cửa hàng tiện ích như bách hóa xanh,,
p1-l20_20250404-155753,1tr,,,q1,máy lạnh;máy giặt,không yêu cầu,,,,
p1-l22_20250404-155753,800k,,,quận 10,máy lạnh;máy giặt,không yêu cầu,,gần svđ phú thọ  ▫️bao điện nước,,
p1-l3_20250404-155753,2tr,,phòng trọ,q12,máy lạnh,không yêu cầu,,,,
p1-l9_20250404-155753,,,,quận 10,máy lạnh;ban công;máy giặt;tủ lạnh,không yêu cầu,,gần tô hiến thành ;gần đại học bách khoa ,,
p10-l10_20250404-160139,4.5tr,,phòng trọ,q7,,không yêu cầu,,,,
p100-l10_20250404-160805,,,,q8,,không yêu cầu,,,,
p100-l12_20250404-160805,5tr,25m2,phòng trọ,quận 1,máy lạnh;máy giặt;tủ lạnh,nữ,,gần trung tâm thành phố chỉ mất 2 phút để qua quận 1,,
p100-l13_20250404-160805,", tr",,chung cư mini,quận 10,máy giặt,không yêu cầu,,gần công viên hoàng văn thụ;gần bệnh viên thống nhất;gần sân bay tsn;gần siêu thị,,
p100-l14_20250404-160805,", k",,chung cư mini,quận 10,ban công,không yêu cầu,,,,
p101-l10_20250404-160805,", k",,,,,không yêu cầu,,,,
p101-l11_20250404-160805,", k",25m2,,,wifi;máy lạnh;ban công;máy giặt;tủ lạnh,nữ,,,,
p101-l15_20250404-160805,",tr",25m2,phòng trọ,quận 3,máy lạnh;tủ lạnh,không yêu cầu,,gần đ,,
p101-l16_20250404-160805,", k",,,,,không yêu cầu,,,,
p101-l18_20250404-160805,"3,8k",,,,,không yêu cầu,,,,
p101-l1_20250404-160805,3k,,,,máy lạnh,không yêu cầu,,,1.0,
p101-l6_20250404-160805,5tr,,,q5,,không yêu cầu,,,,
p102-l11_20250404-160805,", k",,,quận 3,wifi;máy giặt,không yêu cầu,,gần siêu thị coopmart;gần chợ nguyễn văn trỗi - gần đại học sư phạm =========== dịch vụ tiện ích: -bảo vệ 24/24 -bãi xe rộng -khu vực nội bộ camera khắp nơi -dịch vụ dọn vệ sinh,,
p102-l14_20250404-160805,,,,,,không yêu cầu,,,,
p102-l17_20250404-160805,4k,,,q6,,không yêu cầu,,,,
p102-l18_20250404-160805,", k",100m,,quận 11,,nữ,,gần bv chợ rẫy,,
p102-l19_20250404-160805,", tr",,,bình thạnh,máy lạnh;máy giặt,không yêu cầu,,gần nhà thờ vườn xoài,,
p103-l12_20250404-160805,", k",,,quận 10,ban công,không yêu cầu,,gần nhiều quán ăn;gần vạn hạnh mall,,
p103-l8_20250404-160805,", k",,,quận 7,máy lạnh,không yêu cầu,,,,
p104-l14_20250404-160805,4k,,,quận 10,,không yêu cầu,,gần đh ueh ;gần vòng xoay lý thái tổ ,,
p104-l18_20250404-160805,4tr,2m,,q8,,không yêu cầu,,gần cầu chữ y,,
p104-l19_20250404-160805,4tr,30 m,,quận 10,máy giặt;tủ lạnh,không yêu cầu,,gần @@khu chợ - mua sắm chợ phạm văn hai lotte mart tân bình co,,
p105-l0_20250404-160805,,,,,tủ lạnh,không yêu cầu,,,,
p105-l11_20250404-160805,,,,,,không yêu cầu,,,,
p105-l16_20250404-160805,", k",,chung cư mini,quận 1,ban công,không yêu cầu,,gần chợ bến thành,,
p105-l4_20250404-160805,", k",,,quận 7,,không yêu cầu,,gần các trường đại học;gần phú mỹ hưng,,
p106-l10_20250404-160805,", tr",,phòng trọ,quận 10,máy lạnh;ban công,không yêu cầu,,gần đầm sen – không phí dịch vụ  ‼️ phòng đẹp;gần đầm sen,,
p106-l13_20250404-160805,", tr",,chung cư mini,quận 10,ban công,không yêu cầu,,gần siêu thị,1.0,
p106-l2_20250404-160805,3tr,,,q8,,không yêu cầu,,,,
p107-l1_20250404-160805,", k",,,q11,,không yêu cầu,,,,
p107-l4_20250404-160805,,,phòng trọ,,,không yêu cầu,,gần trường tôn đức thắng,,
p107-l6_20250404-160805,,,,,,không yêu cầu,,,,
p107-l8_20250404-160805,", tr",,,quận 1,máy lạnh,không yêu cầu,,gần các tiện ích như chợ bến thành,,
p108-l12_20250404-160805,2tr,,,,máy lạnh;máy giặt,không yêu cầu,,gần bến xe miền tây,,
p108-l14_20250404-160805,,20m2,,quận 3,máy lạnh;máy giặt;tủ lạnh,không yêu cầu,,gần cầu lê văn sỹ,,
p108-l6_20250404-160805,", k",,,,,không yêu cầu,,,,
p109-l12_20250404-160805,", tr",,chung cư mini,quận 3,,không yêu cầu,,gần cầu lê văn sỹ,,
p109-l19_20250404-160805,4tr,,phòng trọ,quận 7,máy lạnh,không yêu cầu,,gần trường đại học ;gần khu chế xuất tân thuận ,,
p11-l17_20250404-160139,5tr,,chung cư mini,q10,ban công;máy giặt,không yêu cầu,,gần cv lê thị riêng,1.0,
p11-l18_20250404-160139,4k,,,q3,,không yêu cầu,,,,
p110-l10_20250404-160805,,,phòng trọ,quận 11,máy giặt,không yêu cầu,,,,
p110-l13_20250404-160805,,,,quận 11,,không yêu cầu,,,,
p110-l16_20250404-160805,,,,quận 1,,không yêu cầu,,gần các địa điểm chợ tân định,,
p110-l18_20250404-160805,,,,q4,,không yêu cầu,,,,
p110-l4_20250404-160805,", k",,,quận 1,,không yêu cầu,,,,
p110-l5_20250404-160805,7  k,,,q8,,không yêu cầu,,gần trung tâm nhiều tiện ích ra vào vân tay giờ giấc tự do  an ninh cao 24/7  không chung chủ hỗ trợ qua xem và giữ phòng  ưu đãi giảm 300k khi thuê phòng bất kì qua tin này,,
p110-l6_20250404-160805,7  k,,,q6,,không yêu cầu,,gần trung tâm nhiều tiện ích ra vào vân tay giờ giấc tự do  an ninh cao 24/7  không chung chủ hỗ trợ qua xem và giữ phòng  ưu đãi giảm 300k khi thuê phòng bất kì qua tin này,,
p111-l10_20250404-160805,", k",1 m,,quận 10,máy lạnh;máy giặt;tủ lạnh,không yêu cầu,,gần các trường đại học : ueh,,
p111-l3_20250404-160805,2tr,,,q8,,không yêu cầu,,,,
p112-l10_20250404-160805,,,phòng trọ,quận 7,máy giặt,không yêu cầu,,,,
p112-l17_20250404-160805,,,phòng trọ,quận 11,,không yêu cầu,,gần chợ - siêu thị  • nhiều quán ăn - uống giá rẻ   điện 4,,
p112-l9_20250404-160805,4tr,,phòng trọ,quận 7,máy giặt,không yêu cầu,,gần các trường đh lớn như: tdtu,,
p113-l14_20250404-160805,", k",,,quận 6,máy lạnh;tủ lạnh,không yêu cầu,,,,
p113-l3_20250404-160805,,,chung cư mini,quận 4,,không yêu cầu,,,1.0,
p113-l4_20250404-160805,", tr",,,quận 5,,không yêu cầu,,,,
p113-l6_20250404-160805,4k,,,quận 3,wifi,không yêu cầu,,,,
p114-l2_20250404-160805,,,,q8,,không yêu cầu,,gần ngay parc mall q8 - đối diện stu  nvs riêng   giờ giấc tự do - không chung chủ  còn 30 phòng nhanh tay xem trước  lh hân xem trực tiếp,,
p114-l3_20250404-160805,,,,quận 10,,không yêu cầu,,,,
p115-l17_20250404-160805,4tr,,,q11,tủ lạnh,không yêu cầu,,,,
p117-l0_20250404-160805,3tr,,phòng trọ,quận 10,máy giặt,không yêu cầu,,,,
p117-l14_20250404-160805,", k",25m²,,quận 3,máy lạnh;máy giặt;tủ lạnh,không yêu cầu,,gần coopmart nhiêu lộc địa chỉ: 359 lê văn sỹ;gần coopmart nhiêu lộc;gần nhiều quán ăn uống,,
p117-l19_20250404-160805,4k,,,,máy lạnh;máy giặt;tủ lạnh,không yêu cầu,,,,
p117-l2_20250404-160805,4k,,,q3,wifi,không yêu cầu,,,,
p117-l3_20250404-160805,4k,,,q10,máy lạnh;máy giặt;tủ lạnh,không yêu cầu,,,,
p117-l9_20250404-160805,,,,q1,,không yêu cầu,,,,
p118-l0_20250404-160805,,,,quận 5,máy lạnh;máy giặt;tủ lạnh,không yêu cầu,,gần đh y dược cách 5 phút;gần đh y dược và chợ kim biên quận 5 thoáng mát,,
p119-l10_20250404-160805,", k",,chung cư mini,q8,,không yêu cầu,,gần các trường ueh,1.0,
p119-l7_20250404-160805,5.5tr,,phòng trọ,quận 7,,không yêu cầu,,,,
p119-l9_20250404-160805,,,,quận 5,,không yêu cầu,,,1.0,
p12-l10_20250404-160139,", k",25m2,chung cư mini,quận 7,máy lạnh;máy giặt;tủ lạnh,không yêu cầu,,gần lotte,,
p12-l12_20250404-160139,200k,,,q6,máy lạnh,không yêu cầu,,gần trung tâm nhiều tiện ích ra vào vân tay giờ giấc tự do  an ninh cao 24/7  không chung chủ hỗ trợ qua xem và giữ phòng  ưu đãi giảm 300k khi thuê phòng bất kì qua tin này,,
p12-l14_20250404-160139,4tr,,,q11,,không yêu cầu,,,,
p12-l18_20250404-160139,,,,,,không yêu cầu,,,,
p120-l12_20250404-160805,3tr,,,,ban công,không yêu cầu,,,,
p120-l13_20250404-160805,3tr,,,,,không yêu cầu,,,,
p120-l14_20250404-160805,,,,,ban công,không yêu cầu,,,,
p120-l17_20250404-160805,3tr,,,q12,máy lạnh,không yêu cầu,,,,
p120-l4_20250404-160805,3k,,,,máy lạnh;máy giặt,không yêu cầu,,,,
p120-l5_20250404-160805,3k,,,,máy lạnh;máy giặt;tủ lạnh,không yêu cầu,,,,
p120-l7_20250404-160805,", k",,,,máy lạnh;tủ lạnh,không yêu cầu,,,,
p120-l8_20250404-160805,3tr,,,,,không yêu cầu,,,,
p121-l13_20250404-160805,3tr,,phòng trọ,,,không yêu cầu,,,,
p121-l14_20250404-160805,,,,,,không yêu cầu,,,,
p122-l10_20250404-160805,2tr,,,q8,,nam,,,,
p122-l12_20250404-160805,3tr,,,quận 6,máy lạnh;ban công,không yêu cầu,,,,
p122-l13_20250404-160805,5tr,,,q5,máy lạnh;ban công;tủ lạnh,không yêu cầu,,gần các đại học: ueh,,
p122-l14_20250404-160805,", k",,,,,không yêu cầu,,,,
p122-l15_20250404-160805,", k",,,q5,máy giặt;tủ lạnh,không yêu cầu,,,,
p122-l16_20250404-160805,", k",,,q5,máy giặt,không yêu cầu,,,,
p122-l9_20250404-160805,3k,,phòng trọ,,,không yêu cầu,,,,
p123-l11_20250404-160805,4k,,,,,không yêu cầu,,,,
p124-l14_20250404-160805,4k,,,,,không yêu cầu,,,,
p124-l18_20250404-160805,"3,4 triệu",,,quận 12,tủ lạnh,không yêu cầu,,,1.0,
p124-l19_20250404-160805,10   tr,,,q10,,không yêu cầu,,gần vòng xoay dân chủ,,
p124-l5_20250404-160805,,,,,,không yêu cầu,,,,
p124-l7_20250404-160805,4tr,,,q6,,không yêu cầu,,,,
p125-l13_20250404-160805,,,,,,không yêu cầu,,,,
p125-l15_20250404-160805,", k",,,quận 6,máy lạnh,không yêu cầu,,gần aeon bình tân,,
p125-l19_20250404-160805,", k",,,quận 10,,không yêu cầu,,,,
p125-l3_20250404-160805,4k,,,q10,,không yêu cầu,,,,
p126-l11_20250404-160805,.  k,,,quận11,máy lạnh;ban công,không yêu cầu,,gần đầm sen,,
p126-l16_20250404-160805,,,,,,không yêu cầu,,,,
p126-l17_20250404-160805,", k",,,nguyễn trãi,,không yêu cầu,,,,
p126-l7_20250404-160805,5tr,,phòng trọ,quận 7,,không yêu cầu,,,,
p126-l8_20250404-160805,26k,,,quận 7,,không yêu cầu,,,,
p127-l10_20250404-160805,,,chung cư mini,quận 10,ban công;máy giặt,không yêu cầu,,,1.0,
p127-l1_20250404-160805,,,,nguyễn trãi,,không yêu cầu,,gần nhà   lh hân xem trực tiếp,,
p127-l4_20250404-160805,3tr,,,q11,,không yêu cầu,,,,
p127-l6_20250404-160805,", k",,phòng ghép,q6,,nam,,gần vòng xoay phú lâm phòng trọ gần công viên phú lâm phòng trọ gần chợ phú lâm,,
p128-l11_20250404-160805,3tr,,phòng trọ,q8,máy giặt,không yêu cầu,,,,
p128-l14_20250404-160805,,,,q11,,không yêu cầu,,gần ngay svd phú thọ,,
p128-l15_20250404-160805,,,,q3,,không yêu cầu,,,,
p128-l3_20250404-160805,3 triệu,,phòng trọ,quận 11,máy lạnh;tủ lạnh,không yêu cầu,,gần đầm sen  …,,
p128-l7_20250404-160805,",k",,,q10,,không yêu cầu,,,,
p128-l8_20250404-160805,", k",,chung cư mini,quận 3,,không yêu cầu,,gần q3;gần bùng binh nguyễn thái sơn;gần ngay bờ kè thoáng mát,,
p129-l16_20250404-160805,,40m2,chung cư mini,quận 4,,không yêu cầu,,,1.0,
p129-l19_20250404-160805,3tr,,,quận 11,,không yêu cầu,,gần đại học văn hiến và đại học hồng bàng,,
p129-l7_20250404-160805,,,chung cư mini,quận 3,ban công,không yêu cầu,,,1.0,
p129-l8_20250404-160805,,,,q12,,không yêu cầu,,,,
p129-l9_20250404-160805,4k,35m2,,nguyễn trãi,,không yêu cầu,,,,
p13-l12_20250404-160139,", tr",,,quận 10,,nam,,gần việt nam quốc tự;gần vòng xoay dân chủ nằm sát tòa nhà viettel,,
p13-l14_20250404-160139,", k",,chung cư mini,nguyễn trãi,máy lạnh;máy giặt;tủ lạnh,nữ,,,,
p13-l15_20250404-160139,4tr,,,q10,máy lạnh;ban công;tủ lạnh,không yêu cầu,,gần toà nhà viettel  nhà mới tinh nội thất cao cấp y hình  tối đa 2 xe (free)  tiện ích: nệm,,
p13-l3_20250404-160139,,,,q10,ban công,không yêu cầu,,,,
p13-l5_20250404-160139,,,phòng trọ,quận 5,máy lạnh;ban công,không yêu cầu,,gần trung tâm;gần chợ;gần bệnh viện đại học y dược;gần các khu vực đông công nhân;gần các trường: 	•	đh sài gòn 	•	đh khoa học tự nhiên 	•	đh sư phạm tp,,
p13-l8_20250404-160139,", k",,chung cư mini,,,không yêu cầu,,,,
p130-l10_20250404-160805,4tr,,,,,không yêu cầu,,,,
p130-l13_20250404-160805,", k",,,quận 4,ban công,không yêu cầu,,,,
p130-l3_20250404-160805,4k,,,quận 3,,không yêu cầu,,,,
p130-l5_20250404-160805,4tr,,,,ban công;máy giặt,không yêu cầu,,gần chợ siêu thị,,
p130-l9_20250404-160805,", k",25m2,chung cư mini,quận 7,máy lạnh;máy giặt;tủ lạnh,không yêu cầu,,gần chợ lý phục man,,
p131-l11_20250404-160805,200k,,,q11,máy lạnh,không yêu cầu,,gần q10  gần trung tâm nhiều tiện ích ra vào vân tay giờ giấc tự do  an ninh cao 24/7  không chung chủ hỗ trợ qua xem và giữ phòng  ưu đãi giảm 300k khi thuê phòng bất kì qua tin này,,
p131-l15_20250404-160805,,200m,,nguyễn trãi,,không yêu cầu,,,,
p131-l17_20250404-160805,,,phòng trọ,,,không yêu cầu,,,,
p131-l19_20250404-160805,3k,,,quận 7,máy giặt,không yêu cầu,,gần siêu thị go nguyễn thị thập,,
p131-l6_20250404-160805,5tr,25 m,,quận 10,,không yêu cầu,,,,
p131-l9_20250404-160805,", k",,,,,không yêu cầu,,gần cầu tham lương;gần đường tô ký,,
p132-l12_20250404-160805,.  tr,,chung cư mini,quận 4,,không yêu cầu,,,,
p132-l18_20250404-160805,,7m,,quận 8,ban công,không yêu cầu,,,,
p132-l5_20250404-160805,,,,,,không yêu cầu,,,,
p134-l14_20250404-172843,4k,,,q10,ban công;tủ lạnh,không yêu cầu,,,,
p134-l15_20250404-172843,3k,,,q11,wifi;máy giặt,không yêu cầu,,gần sân phú thọ,,
p135-l0_20250404-172843,,,chung cư mini,,máy lạnh,không yêu cầu,,gần đầm sen,,
p135-l13_20250404-172843,", tr",,,quận 6,máy giặt,không yêu cầu,,gần cầu phạm văn chí;gần chợ,,
p135-l1_20250404-172843,3tr,,,q11,ban công,không yêu cầu,,gần chợ và siêu thị tiện lợi;gần đại học văn hiến,,
p135-l6_20250404-172843,200k,,,,,không yêu cầu,,,,
p136-l19_20250404-172843,,,,quận 5,,không yêu cầu,,,,
p136-l3_20250404-172843,7tr,,chung cư mini,quận 1,,không yêu cầu,,gần siêu thị,1.0,
p136-l5_20250404-172843,", tr",,chung cư mini,quận 3,,không yêu cầu,,gần siêu thị,1.0,
p137-l12_20250404-172843,", k",25m2,chung cư mini,quận 10,ban công,không yêu cầu,,,,
p137-l13_20250404-172843,3tr,,chung cư mini,,máy lạnh,không yêu cầu,,,,
p137-l16_20250404-172843,,,chung cư mini,quận 10,,không yêu cầu,,,1.0,
p137-l18_20250404-172843,3tr,,,,,không yêu cầu,,,,
p138-l0_20250404-172843,4k,,,quận 10,,không yêu cầu,,,,
p138-l11_20250404-172843,,,,quận 11,,không yêu cầu,,gần đh văn hiến   địa chỉ: hoà bình quận 11  • thuận tiện di chuyển qua các quận trung tâm: quận 10,,
p138-l15_20250404-172843,", k",,,quận 11,máy giặt,không yêu cầu,,,,
p139-l17_20250404-172843,,,,,,không yêu cầu,,,,
p139-l19_20250404-172843,", k",,chung cư mini,quận 10,,không yêu cầu,,gần các trường đh nổi tiếng các địa điểm ăn uống vui chơi giải trí  được thiết kế dạng duplex nên rất tối ưu diện tích  phòng có cửa sổ to thoáng mát,,
p139-l6_20250404-172843,,,,q6,,không yêu cầu,,,,
p14-l10_20250404-160139,7 k,300m,phòng trọ,q7,wifi;máy lạnh;máy giặt,không yêu cầu,,gần 432 nguyễn thị thập là đường 36 - cách lotte 300m )  ✅84 nguyễn tất thành q4 ( cách đại học luật 200m )  ✅hẻm c4 đường phạm hùng q8 ( trọn gói chỉ 950k )  ✅hẻm 350 huỳnh tấn phát q7 ( đối diện khu chế xuất tân thuận )   ✅ 338/18 an dương vương p4 q5 ( cách đại học sài gòn;gần đh nguyễn tất thành,,
p14-l11_20250404-160139,5 tr,,,,,không yêu cầu,,,,
p14-l16_20250404-160139,,,,,,không yêu cầu,,gần đh kinh tế,,
p14-l17_20250404-160139,200k,,,q5,máy lạnh,không yêu cầu,,gần nguyễn tri phương q10  gần trung tâm nhiều tiện ích ra vào vân tay giờ giấc tự do  an ninh cao 24/7  không chung chủ hỗ trợ qua xem và giữ phòng  ưu đãi giảm 200k khi thuê phòng bất kì qua tin này,,
p14-l19_20250404-160139,,300m,,q4,máy lạnh;máy giặt,không yêu cầu,,,,
p14-l1_20250404-160139,3tr,,,,,không yêu cầu,,gần chợ tân liêm,,
p140-l13_20250404-172843,,,,quận 6,,không yêu cầu,,,,
p140-l16_20250404-172843,", tr",,,,wifi;ban công,không yêu cầu,,gần bộ công an,1.0,
p140-l4_20250404-172843,3tr,,phòng ghép,,,không yêu cầu,,gần đó cho sinh viên •xung quanh nhiều tiện ích  •gần các tuyến đường lớn  •bảo vệ 24/7 - giờ giấc tự do  •phòng sạch sẽ - thoáng mát •khu an ninh cao - hầm xe rộng rãi •ở ghép thoải mái - ko gác 3tr - có gác 3tr5  liên hệ ngay sđt/zalo để được tư vấn và hỗ trợ,,
p141-l10_20250404-172843,,,,,máy giặt,không yêu cầu,,,,
p141-l19_20250404-172843,1 tr,,,q10,wifi;máy lạnh,không yêu cầu,,,,
p142-l15_20250404-172843,", k",,,q5,máy giặt,không yêu cầu,,gần sgu,,
p142-l19_20250404-172843,6tr,30 m,,quận 3,tủ lạnh,không yêu cầu,,gần @đại học hoa sen kinh tế - hcm sư phạm – sài gòn văn hiến @trung tâm thương mại – mua sắm zone – nguyễn văn cừ chợ hồ thị kỷ @giao thông thuận tiện quận 3 quận 10 quận bình thạnh ,,
p142-l8_20250404-172843,2tr,,,q6,,không yêu cầu,,,,
p143-l0_20250404-172843,6tr,40 m,,quận 1,máy giặt;tủ lạnh,không yêu cầu,,gần đại học  sài gòn  khoa học - tự nhiên kinh tế - hồ chí minh y dược sư phạm văn hiến trung tâm thương mại - mua sắm zone nguyễn văn cừ chợ chuối giao thông thuận tiện quận 1 quận 10 quận bình thạnh ,,
p143-l18_20250404-172843,", k",,chung cư mini,q5,máy giặt,không yêu cầu,,,,
p143-l2_20250404-172843,,,,quận 11,,không yêu cầu,,gần các trường đại học - aeon tân phú  liên hệ trực tiếp qua xem phòng,,
p144-l1_20250404-172843,", k",,,q10,,không yêu cầu,,gần vạn hạnh mall   địa chỉ: sư vạn hạnh q10   ưu điểm:  ✅ thang máy,1.0,
p144-l5_20250404-172843,7  k,,,quận 5,,không yêu cầu,,gần cầu nguyễn văn cừ   gần trung tâm nhiều tiện ích ra vào vân tay giờ giấc tự do  an ninh cao 24/7  không chung chủ hỗ trợ qua xem và giữ phòng  ưu đãi giảm 300k khi thuê phòng bất kì qua tin này,,
p144-l7_20250404-172843,200k,,,q11,máy lạnh,không yêu cầu,,gần kênh tân hóa q11 - đầm sen  gần trung tâm nhiều tiện ích ra vào vân tay giờ giấc tự do  an ninh cao 24/7  không chung chủ hỗ trợ qua xem và giữ phòng  ưu đãi giảm 300k khi thuê phòng bất kì qua tin này,,
p145-l10_20250404-172843,3k,,,q11,wifi;máy giặt,không yêu cầu,,gần sân phú thọ,,
p145-l16_20250404-172843,,,,,,không yêu cầu,,gần đại học sài gòn,,
p145-l18_20250404-172843,", k",,,quận 1,,không yêu cầu,,gần các trường đh y dược,,
p145-l19_20250404-172843,"7, tr",,,q7,,không yêu cầu,,gần lotte mart q7;gần đường nguyễn thị thập,,
p145-l5_20250404-172843,", k",,,,máy lạnh,không yêu cầu,,,,
p145-l6_20250404-172843,", k",,phòng trọ,quận 1,,không yêu cầu,,gần các trường học như trường tiểu học chương dương;gần đó như hồ hảo hớn (cách khoảng 6 phút đi bộ) và trường tiểu học chương dương (khoảng 7 phút đi bộ),,
p145-l7_20250404-172843,4k,30m2,,quận 3,ban công,không yêu cầu,,gần coopmart nhiêu lộc,,
p145-l8_20250404-172843,6 triệu,25m2,chung cư mini,quận 3,máy lạnh;tủ lạnh,không yêu cầu,,,,
p146-l15_20250404-172843,,,phòng trọ,q7,,không yêu cầu,,gần trung tâm  thang máy  hầm xe/ bãi xe  mặt tiền an ninh  - không chung chủ   - giờ giấc tự do   - giấy tờ hợp đồng,,
p146-l19_20250404-172843,6  tr,,,q6,ban công,không yêu cầu,,,,
p147-l11_20250404-172843,", k",,,q10,,không yêu cầu,,gần q10 q5    gần bệnh viện chợ rẫy,,
p147-l3_20250404-172843,", k",,chung cư mini,quận 3,,không yêu cầu,,gần siêu thị,1.0,
p147-l4_20250404-172843,7tr,,chung cư mini,quận 3,ban công,không yêu cầu,,gần siêu thị,1.0,
p147-l9_20250404-172843,4k,,,q11,,không yêu cầu,,gần đh y dược,,
p148-l12_20250404-172843,1tr,,phòng khép kín,,,không yêu cầu,,,,
p148-l14_20250404-172843,", k",35m2,phòng trọ,quận 7,,không yêu cầu,,,,
p148-l17_20250404-172843,", k",,phòng trọ,quận 10,ban công;máy giặt;tủ lạnh,không yêu cầu,,gần toà nhà viettel - ngay vòng xoay dân chủ  gần các địa điểm nổi tiếng: đh bách khoa,,
p148-l3_20250404-172843,4tr,,,,máy giặt,không yêu cầu,,,,
p149-l15_20250404-172843,.   k,,phòng trọ,quận 1,,không yêu cầu,,,,
p149-l2_20250404-172843,5tr,,,quận 10,máy lạnh;máy giặt;tủ lạnh,không yêu cầu,,,,
p15-l9_20250404-160139,4k,,,quận 10,wifi;máy lạnh;máy giặt;tủ lạnh,không yêu cầu,,,,
p150-l11_20250404-172843,", k",,chung cư mini,quận 3,ban công,không yêu cầu,,,,
p150-l12_20250404-172843,7tr,45 m,,,máy giặt;tủ lạnh,không yêu cầu,,,,
p150-l5_20250404-172843,,,,quận 1,,không yêu cầu,,,,
p150-l7_20250404-172843,4.000k,,,quận 1,,không yêu cầu,,gần phố đi bộ bùi viện,,
p150-l8_20250404-172843,", k",,chung cư mini,quận 10,ban công,không yêu cầu,,gần vạn hạnh mall,,
p151-l19_20250404-172843,", k",,,quận 10,,không yêu cầu,,gần nhiều bệnh viện lớn ;gần các đh lớn như ueh ,,
p151-l3_20250404-172843,", k",,,quận 4,ban công,không yêu cầu,,gần cầu ông lãnh - phòng full nội thất như hình - giờ giấc tự do;gần nhiều quán ăn,,
p151-l5_20250404-172843,", tr",,phòng trọ,,máy lạnh;ban công,không yêu cầu,,gần đầm sen – không phí dịch vụ  ‼️ phòng đẹp;gần đầm sen,,
p151-l6_20250404-172843,"3,8k",,,q3,máy lạnh,không yêu cầu,,,,
p152-l16_20250404-172843,7  k,,,q6,,không yêu cầu,,gần q5  gần trung tâm nhiều tiện ích ra vào vân tay giờ giấc tự do  an ninh cao 24/7  không chung chủ hỗ trợ qua xem và giữ phòng  ưu đãi giảm 200k khi thuê phòng bất kì qua tin này,,
p152-l19_20250404-172843,7  k,,,q5,,không yêu cầu,,gần cầu chà và  gần trung tâm nhiều tiện ích ra vào vân tay giờ giấc tự do  an ninh cao 24/7  không chung chủ hỗ trợ qua xem và giữ phòng  ưu đãi giảm 300k khi thuê phòng bất kì qua tin này,,
p152-l6_20250404-172843,3tr,,,,máy lạnh;máy giặt;tủ lạnh,không yêu cầu,,,,
p153-l11_20250404-172843,200k,,,q10,máy lạnh;ban công,không yêu cầu,,gần trung tâm nhiều tiện ích ra vào vân tay giờ giấc tự do  an ninh cao 24/7  không chung chủ hỗ trợ qua xem và giữ phòng  ưu đãi giảm 300k khi thuê phòng bất kì qua tin này,,
p153-l16_20250404-172843,7tr,40m2,chung cư mini,,,không yêu cầu,,,,
p153-l1_20250404-172843,", tr",,chung cư mini,,,không yêu cầu,,gần siêu thị,1.0,
p153-l3_20250404-172843,", tr",5.5 m,chung cư mini,,,không yêu cầu,,gần siêu thị,1.0,
p153-l5_20250404-172843,,,,quận 6,máy lạnh;máy giặt;tủ lạnh,không yêu cầu,,,,
p154-l0_20250404-172843,3tr,,,quận 10,máy lạnh,không yêu cầu,,,,
p154-l11_20250404-172843,500k,,,quận 5,ban công,không yêu cầu,,gần chợ ,,
p154-l16_20250404-172843,,,,,máy giặt,không yêu cầu,,,,
p154-l17_20250404-172843,,,,q6,,không yêu cầu,,gần chợ  • khu vực sát q5 gần đh y dược   điện 4,,
p154-l18_20250404-172843,,,,,máy giặt;tủ lạnh,không yêu cầu,,,,
p154-l8_20250404-172843,", k",50m,,quận 10,,không yêu cầu,,gần nhiều bệnh viện lớn ;gần các đh lớn như ueh ,,
p155-l16_20250404-172843,", k",,,,,không yêu cầu,,,,
p155-l6_20250404-172843,,,,quận 8,,không yêu cầu,,,,
p155-l7_20250404-172843,3tr,,,q10,ban công,không yêu cầu,,gần : đại học bách khoa ,,
p156-l15_20250404-172843,"3, k",,,quận 3,máy giặt,không yêu cầu,,,,
p156-l6_20250404-172843,,,,,máy giặt,không yêu cầu,,,,
p157-l14_20250404-173602,,800m,,quận 10,ban công;máy giặt,không yêu cầu,,gần ngã bãy lý thái tổ;gần : đại học bách khoa ,,
p157-l15_20250404-173602,,,,,máy giặt,không yêu cầu,,,,
p157-l16_20250404-173602,,,,quận 6,máy giặt;tủ lạnh,không yêu cầu,,,,
p157-l19_20250404-173602,1 tr,,,q10,máy lạnh,không yêu cầu,,,,
p157-l1_20250404-173602,", tr",,chung cư mini,tphcm,máy lạnh;ban công;tủ lạnh,không yêu cầu,,,,
p157-l5_20250404-173602,", k",,,quận 6,máy lạnh;ban công;máy giặt,không yêu cầu,,gần aeon bình tân  liên hệ ngay long nhật nhé,,
p157-l8_20250404-173602,", tr",,phòng trọ,tphcm,máy lạnh;ban công,không yêu cầu,,gần đại học văn hiến;gần khu chợ,,
p158-l17_20250404-173602,. k,,chung cư mini,q5,máy giặt,không yêu cầu,,,,
p159-l10_20250404-173602,", k",,chung cư mini,quận 10,ban công,không yêu cầu,,gần công viên lê thị riêng  ưu đãi giảm giá tháng đầu cho khách ở sớm  dạng phòng trọ mini có gác phòng được trang bị nội thất cơ bản ban công,1.0,
p159-l13_20250404-173602,", tr",,,quận 3,máy lạnh;máy giặt;tủ lạnh,không yêu cầu,,gần khu vực: tòa nhà lớn: khu vực này gần nhiều tòa nhà văn phòng cao cấp,,
p159-l2_20250404-173602,4k,,phòng trọ,q1,,không yêu cầu,,gần phố tây bùi viện )  ưu điểm:  ✅ nhà khu yên tĩnh  ✅ cam kết như ảnh  ✅ giá sinh viên   -  giờ giấc tự do,,
p159-l7_20250404-173602,", tr",,,q10,wifi;máy lạnh,không yêu cầu,,gần vòng xoay lý thái tổ ,,
p16-l13_20250404-160139,4tr,,,quận 7,,không yêu cầu,,,,
p16-l9_20250404-160139,,1m,phòng trọ,quận 11,,không yêu cầu,,,,
p160-l14_20250404-173602,", k",,,quận 12,wifi;máy lạnh,không yêu cầu,,gần quận 12 hóc môn   - full nt: máy lạnh,,
p160-l2_20250404-173602,.  tr,500m,,quận 10,máy lạnh;máy giặt,không yêu cầu,,gần các tuyến đường huyết mạch như 3 tháng 2;gần đó: trung tâm thương mại vạn hạnh mall: chỉ cần đi bộ vài phút là đến trung tâm mua sắm   bệnh viện đa khoa vạn hạnh: gần đó có bệnh viện lớn;gần các trường: trường đại học bách khoa tp,,
p160-l4_20250404-173602,", k",,chung cư mini,,,không yêu cầu,,gần vòng xoay dân chủ,1.0,
p161-l17_20250404-173602,", k",,,q10,ban công,không yêu cầu,,,,
p161-l7_20250404-173602,", k",,,q11,,không yêu cầu,,,,
p162-l0_20250404-173602,,,,quận 7,,không yêu cầu,,gần khu chế xuất tân thuận,,
p162-l15_20250404-173602,", k",30m²,chung cư mini,quận 6,,không yêu cầu,,,,
p163-l11_20250404-173602,3tr,,,,máy lạnh;tủ lạnh,nữ,,,,
p163-l13_20250404-173602,3tr,,,q6,ban công,không yêu cầu,,gần đh y dược,,
p163-l14_20250404-173602,2tr,3 m,phòng trọ,,máy giặt,không yêu cầu,,,,
p163-l17_20250404-173602,1 tr,,,q10,wifi;máy lạnh,không yêu cầu,,,,
p164-l19_20250404-173602,3   tr,,,quận 3,máy lạnh;máy giặt;tủ lạnh,không yêu cầu,,gần vx dân chủ ,,
p164-l2_20250404-173602,300k,,phòng trọ,quận 10,wifi;máy lạnh,không yêu cầu,,,,
p165-l12_20250404-173602,4k,,,q10,ban công,không yêu cầu,,gần ngay công viên lê thị riêng   địa chỉ: bắc hải - q10  => cửa sổ 4,,
p165-l4_20250404-173602,", k",,,quận 12,,không yêu cầu,,,,
p165-l5_20250404-173602,,,,,,không yêu cầu,,,,
p165-l9_20250404-173602,3tr,,chung cư mini,,wifi;ban công,không yêu cầu,,gần các trường đh lớn  ❗️toà nhà vừa khai trương hơn 27 phòng các phòng có giá và diện tích khác nhau: 3tr4,1.0,
p166-l13_20250404-173602,4tr,,,quận 6,máy lạnh;tủ lạnh,không yêu cầu,,gần cầu phạm văn chí,,
p167-l11_20250404-173602,,,,,ban công,không yêu cầu,,,,
p167-l15_20250404-173602,,,,,máy giặt,không yêu cầu,,gần chợ siêu thị;gần chợ bến thành,,
p167-l5_20250404-173602,", k",,phòng trọ,q6,,không yêu cầu,,gần nhiều tiện ích   • thuận tiện di chuyển các quận trung tâm    liên hệ ngay !!,,
p167-l8_20250404-173602,500k,,phòng trọ,q3,,không yêu cầu,,gần cầu trần quang diệu   địa chỉ: hoàng sa - q3   ưu điểm:  ✅ giá sinh viên  ✅ cam kết như ảnh  ✅ tặng voucher 300-500k  - giờ giấc tự do,,
p168-l0_20250404-173602,1 tr,,,q10,wifi;máy lạnh,không yêu cầu,,,,
p168-l17_20250404-173602,",k",,chung cư mini,quận 3,máy lạnh;tủ lạnh,nữ,,,1.0,
p168-l1_20250404-173602,3tr,,,,,không yêu cầu,,,,
p168-l5_20250404-173602,,,chung cư mini,quận 3,,không yêu cầu,,gần bờ kè hoàng sa - trường sa  vị trí trung tâm giáp khu vực trung tâm quận 1;gần công trường dân chủ - gần chung cư hà đô - toà nhà viettel  tiện ích căn hộ: - free giặt sấy - pccc đạt chuẩn - nội thất đầy đủ - bao gồm nội thất cơ bản kèm máy hút mùi,,
p168-l8_20250404-173602,", k",26m2,,quận 3,wifi;máy giặt,không yêu cầu,,,,
p169-l13_20250404-173602,", k",,,q3,máy giặt,không yêu cầu,,,,
p169-l18_20250404-173602,,,,q11,,không yêu cầu,,,,
p17-l12_20250404-160139,3k,,,,,không yêu cầu,,,,
p17-l13_20250404-160139,3k,,,,,không yêu cầu,,,,
p17-l16_20250404-160139,22k,,,,wifi,không yêu cầu,,,,
p17-l5_20250404-160139,,,,,ban công,không yêu cầu,,,,
p170-l0_20250404-173602,", k",1m,,q11,máy lạnh;tủ lạnh,không yêu cầu,,,,
p170-l5_20250404-173602,,,chung cư mini,,,không yêu cầu,,,,
p171-l14_20250404-173602,,,,,,không yêu cầu,,,,
p171-l19_20250404-173602,", k",,,q6,,không yêu cầu,,,,
p172-l0_20250404-173602,", k",,,q6,máy lạnh,không yêu cầu,,,,
p172-l19_20250404-173602,,,,quận 5,máy lạnh;ban công;máy giặt,không yêu cầu,,,,
p172-l1_20250404-173602,", k",,chung cư mini,quận 10,,không yêu cầu,,gần nhiều quán ăn;gần vạn hạnh mall,,
p172-l2_20250404-173602,", k",,chung cư mini,quận 1,ban công,không yêu cầu,,gần nhiều quán ăn,,
p172-l4_20250404-173602,", k",,chung cư mini,quận 10,máy lạnh;ban công;máy giặt,không yêu cầu,,gần bigc tô hiến thành;gần sư vạn hạnh  ra vào bằng khoá cổng vân tay,,
p172-l6_20250404-173602,4k,,,,wifi,không yêu cầu,,,,
p172-l7_20250404-173602,500k,,,quận 6,wifi;máy giặt,không yêu cầu,,gần chợ,,
p173-l14_20250404-173602,,,chung cư mini,quận 4,,không yêu cầu,,,1.0,
p173-l1_20250404-173602,", k",,chung cư mini,q6,,không yêu cầu,,,,
p173-l5_20250404-173602,", k",,,tô hiến thành,máy lạnh;tủ lạnh,không yêu cầu,,,,
p173-l6_20250404-173602,", tr",,phòng trọ,tô hiến thành,,không yêu cầu,,gần trường đại học ueh ,1.0,
p173-l7_20250404-173602,", tr",,,quận 3,máy giặt,không yêu cầu,,gần phòng  gần bệnh viện;gần các tuyến đường lớn như trần quốc thảo,,
p174-l11_20250404-173602,", k",,chung cư mini,,máy lạnh;tủ lạnh,không yêu cầu,,,,
p174-l15_20250404-173602,4tr,,,q5,tủ lạnh,không yêu cầu,,,,
p174-l16_20250404-173602,", k",,chung cư mini,quận 4,ban công;máy giặt,không yêu cầu,,,1.0,
p174-l18_20250404-173602,1tr,400m,phòng trọ,quận 4,wifi;máy lạnh,không yêu cầu,,gần đại học mở tp,,
p174-l1_20250404-173602,,,,quận 6,,không yêu cầu,,gần phố ăn uống hậu giang;gần metro bình phú;gần cao đẳng kĩ thuật kinh tế)  giờ giấc tự do,,
p174-l5_20250404-173602,", k",,,q6,ban công,không yêu cầu,,gần cầu lò gốm,,
p175-l0_20250404-173602,", k",,,q1,máy lạnh;máy giặt;tủ lạnh,không yêu cầu,,gần các trường ueh,,
p175-l2_20250404-173602,", tr",,,q1,,không yêu cầu,,,,
p175-l3_20250404-173602,", k",,,q1,,không yêu cầu,,gần các đh sgu,,
p175-l6_20250404-173602,83 tr,25m2,,quận 3,máy lạnh;máy giặt;tủ lạnh,không yêu cầu,,gần công viên tao đàn,,
p175-l8_20250404-173602,5tr,,chung cư mini,quận 7,ban công,không yêu cầu,,,,
p175-l9_20250404-173602,200k,30m2,phòng trọ,quận 7,wifi;máy lạnh;máy giặt;tủ lạnh,không yêu cầu,,gần khu chế xuất tân thuận ,,
p176-l15_20250404-173602,3tr,,,q6,,không yêu cầu,,,,
p176-l16_20250404-173602,3tr,,,q6,,không yêu cầu,,,,
p176-l18_20250404-173602,3k,35m2,,q7,wifi,không yêu cầu,,,,
p176-l2_20250404-173602,8tr,,chung cư mini,quận 3,,nam,,gần siêu thị,2.0,1.0
p176-l5_20250404-173602,3tr,,,quận 12,máy lạnh;ban công,không yêu cầu,,,,
p176-l9_20250404-173602,3tr,,,quận 12,máy lạnh;tủ lạnh,không yêu cầu,,,,
p177-l12_20250404-173602,", k",,chung cư mini,quận 1,wifi;gác lửng;tủ lạnh,không yêu cầu,,gần chợ nguyễn văn trỗi,,
p177-l7_20250404-173602,1 tr,,phòng trọ,,,không yêu cầu,,gần chợ;gần trường đh tdtu,,
p177-l9_20250404-173602,,,,,,không yêu cầu,,gần chợ tập hoá cửa hàng tiện lợi bách hoá xanh hơn 30 tiện ích xung quanh toà nhà ,,
p178-l5_20250404-173602,4tr,,phòng trọ,quận 3,máy lạnh;máy giặt;tủ lạnh,không yêu cầu,,gần các trường đh kinh tế,,
p178-l6_20250404-173602,",tr",,chung cư mini,quận 5,,nữ,,,,
p178-l7_20250404-173602,5tr,,,q8,,không yêu cầu,,,,
p178-l9_20250404-173602,", k",,,tp.hcm,ban công,không yêu cầu,,gần cầu vượt 3 tháng 2  + gần đh bách khoa;gần cầu vượt 3 tháng 2 q,,
p179-l11_20250404-173602,", k",25m2,phòng trọ,quận 5,gác lửng,không yêu cầu,,gần chợ an đông phòng trọ gần đại học sư phạm tphcm cho thuê ký túc xá gần trường đại học sư phạm tphcm giá rẻ phòng trọ có gác lửng quận 5 phòng trọ đường nguyễn trãi,,
p179-l12_20250404-173602,", k",,,,ban công,không yêu cầu,,,,
p179-l17_20250404-173602,", k",,,quận 7,,không yêu cầu,,,,
p18-l10_20250404-160139,,,,quận 10,ban công,không yêu cầu,,gần các trục đường lớn: tân hoà đông;gần vòng xoay an dương vương - bà hom  • thuận tiện di chuyển qua quận bình tân,,
p18-l3_20250404-160139,4k,,,,,không yêu cầu,,,,
p180-l11_20250404-173602,7tr,,,quận11,wifi;máy lạnh;ban công;máy giặt;tủ lạnh,không yêu cầu,,,,
p180-l13_20250404-173602,3k,,,,,không yêu cầu,,,,
p180-l14_20250404-173602,,,,,,không yêu cầu,,,,
p180-l16_20250404-173602,,,,quận 5,máy lạnh;máy giặt,không yêu cầu,,gần sát quận 5 (dễ dàng vào trung tâm)  giờ giấc tự do ra vào vân tay không chung chủ có máy giặt chung   liên hệ zalo em hỗ trợ đi xem ngay  #phongtroquan5 #phongtroquan6 #phongtrogiare #phongtrodep,,
p180-l5_20250404-173602,", k",,,quận 8,,không yêu cầu,,gần cầu nguyễn tri phương,,
p181-l0_20250404-173602,6 k,,,quận 6,chỗ để xe,nữ,,,,
p181-l14_20250404-173602,,,chung cư mini,quận 3,,không yêu cầu,,gần chợ   tiện ích - full nội thất cơ bản - toà nhà thang máy - bảo vệ 24/24 - hầm xe siêu rộng - ra vào ko giới hạn thời gian  hỗ trợ chdv;gần vạn hạnh mall,,
p181-l15_20250404-173602,,1m,,q4,,không yêu cầu,,gần đh tđt,,
p181-l6_20250404-173602,5tr,,chung cư mini,quận 1,,không yêu cầu,,gần siêu thị,1.0,
p182-l10_20250404-173602,,,chung cư mini,quận 6,,không yêu cầu,,,,
p182-l14_20250404-173602,4tr,,,,,không yêu cầu,,,,
p182-l16_20250404-173602,", k",,,q6,ban công,không yêu cầu,,gần cầu lò gốm,,
p182-l17_20250404-173602,,,,q7,máy lạnh;chỗ để xe,không yêu cầu,,gần lotte mart,,
p182-l18_20250404-173602,300k,,,q3,,nam,,gần cầu công lý   địa chỉ: nam kỳ khởi nghĩa - q3  ưu điểm: tặng vocher 300k   ✅ nhà mới,,
p182-l2_20250404-173602,500k,,,,ban công,không yêu cầu,,,,
p183-l10_20250404-173602,", k",,,quận 1,ban công,không yêu cầu,,gần nhiều quán ăn,,
p183-l12_20250404-173602,,35m2,,tô hiến thành,,không yêu cầu,,,1.0,
p183-l7_20250404-173602,", k",,,quận 3,ban công,không yêu cầu,,gần nhiều quán ăn,,
p183-l8_20250404-173602,", k",,chung cư mini,quận 4,ban công,không yêu cầu,,gần nhiều quán ăn,,
p184-l11_20250404-173602,", k",,,quận 1,ban công,không yêu cầu,,gần nhiều quán ăn,,
p184-l12_20250404-173602,", k",,chung cư mini,quận 3,ban công,không yêu cầu,,gần nhiều quán ăn;gần cầu lê văn sỹ - cam kết phòng đẹp như hình 100% - giờ giấc tự do,,
p184-l14_20250404-173602,,,,,máy lạnh,không yêu cầu,,,,
p184-l1_20250404-173602,",k",,chung cư mini,quận 1,máy lạnh;tủ lạnh,nữ,,,1.0,
p184-l6_20250404-173602,", k",,,quận 5,,không yêu cầu,,,,
p185-l19_20250404-173602,", k",,chung cư mini,quận 1,ban công,không yêu cầu,,,,
p185-l3_20250404-173602,", k",,,quận 1,chỗ để xe,không yêu cầu,,,,
p186-l10_20250404-173602,,,,,,không yêu cầu,,,,
p186-l11_20250404-173602,",k",,,nguyễn trãi,,không yêu cầu,,,,
p186-l16_20250404-173602,4k,,phòng trọ,q10,ban công,không yêu cầu,,gần cầu vượt 3/2   địa chỉ: bà hạt - q10 ( gần đh ueh chỉ vài phút đi xe )   ưu điểm:  ✅ cam kết như ảnh  ✅ giá sinh viên từ 4x ✅ đường lớn vị trí đẹp   - khu nhà an ninh,,
p186-l5_20250404-173602,", tr",,phòng trọ,,,không yêu cầu,,gần khu ăn uống,,
p186-l7_20250404-173602,200k,,,,máy lạnh,không yêu cầu,,gần vòng xoay lê đại hành   gần trung tâm nhiều tiện ích ra vào vân tay giờ giấc tự do  an ninh cao 24/7  không chung chủ hỗ trợ qua xem và giữ phòng  ưu đãi giảm 200k khi thuê phòng bất kì qua tin này,,
p187-l19_20250404-173602,125k,,,quận 4,wifi;máy giặt,không yêu cầu,,,,
p187-l1_20250404-173602,,,,,máy giặt,không yêu cầu,,,,
p187-l3_20250404-173602,,,,,,không yêu cầu,,,,
p188-l12_20250404-173602,", k",,,quận 8,ban công,không yêu cầu,,gần nhiều quán ăn,,
p188-l1_20250404-173602,", k",,,quận 3,wifi;máy lạnh;máy giặt;tủ lạnh,không yêu cầu,,,,
p188-l5_20250404-173602,,35m2,phòng trọ,,ban công,không yêu cầu,,,,
p188-l8_20250404-173602,,35m2,,gò vấp,tủ lạnh,không yêu cầu,,,,
p189-l10_20250404-173602,,,chung cư mini,,,không yêu cầu,,gần bộ công an nên cực kỳ an ninh  - đường xá rộng rãi  - nằm giữa cơ sở b và n nên thuận tiện cho các bạn ueh di chuyển  - mức giá chỉ 3t5 cửa sổ nhỏ và 4t cửa sổ lớn ,,
p189-l11_20250404-173602,50k,,phòng trọ,quận 8,wifi;ban công,không yêu cầu,,,,
p189-l2_20250404-173602,", tr",25m2,chung cư mini,quận 7,tủ lạnh,không yêu cầu,,gần ngã 3 lâm văn bền - qua phú mỹ hưng,,
p19-l13_20250404-160139,5tr,,,,,không yêu cầu,,,,
p19-l3_20250404-160139,", k",,,,,không yêu cầu,,gần cầu nguyễn tri phương;gần chợ;gần ueh,,
p190-l4_20250404-173602,5 k,,,q5,,không yêu cầu,,,,
p190-l5_20250404-173602,3tr,,,q6,,không yêu cầu,,,,
p190-l6_20250404-173602,2tr,,,q8,máy lạnh,không yêu cầu,,,,
p191-l14_20250404-173602,", k",25m²,chung cư mini,quận 7,wifi;máy giặt,không yêu cầu,,gần lotte mart q;gần đh tôn đức thắng,,
p191-l15_20250404-173602,", k",,,quận 3,,nữ,,gần ngay chốt dân phố;gần các cửa hàng tiện lợi,,
p191-l19_20250404-173602,4k,,,,wifi;máy giặt,không yêu cầu,,gần chợ,,
p191-l1_20250404-173602,4tr,,,q11,,không yêu cầu,,,,
p191-l4_20250404-173602,3tr,,,q8,,không yêu cầu,,,,
p191-l9_20250404-173602,,,,,,không yêu cầu,,,,
p192-l2_20250404-173602,", tr",,,quận 3,máy giặt,không yêu cầu,,gần đó nghĩa tín building – 448/3 lê văn sỹ;gần sân bay tân sơn nhất,,
p192-l3_20250404-173602,", k",,,quận 7,máy lạnh;máy giặt;tủ lạnh,không yêu cầu,,gần chợ tân mỹ;gần các quận trung tâm,,
p193-l15_20250404-173602,4k,,,q1,ban công,không yêu cầu,,,,
p193-l6_20250404-173602,", k",500m,,quận 7,máy lạnh,không yêu cầu,,gần đường nguyễn thị thập - di chuyển đi phú mỹ hưng,,
p193-l7_20250404-173602,,700m,,quận 7,,không yêu cầu,,gần chợ bùi văn ba;gần khu chế xuất tân thuận,,
p194-l15_20250404-173602,,,,,,không yêu cầu,,,,
p194-l18_20250404-173602,3tr,,phòng trọ,,,không yêu cầu,,,,
p194-l3_20250404-173602,"3,8k",,,quận 1,wifi;máy giặt,không yêu cầu,,,,
p194-l6_20250404-173602,", k",30m2,,q10,ban công,không yêu cầu,,gần đại học ueh / huflit / y dược   địa chỉ: ba tháng hai - q10 ( gần khúc cầu vượt 3/2 )  ưu điểm:  ✅ đường xe hơi,,
p194-l9_20250404-173602,", k",,,q6,máy lạnh,không yêu cầu,,,,
p195-l11_20250404-173602,,,,q6,,không yêu cầu,,,,
p195-l15_20250404-173602,4tr,28m2,,quận 7,máy lạnh,không yêu cầu,,gần ufm;gần chợ  • mới xây,,
p195-l16_20250404-173602,4tr,,phòng trọ,q7,ban công,không yêu cầu,,gần chợ,,
p195-l17_20250404-173602,4tr,,,,,không yêu cầu,,gần chợ,,
p195-l1_20250404-173602,", k",,,quận 11,,không yêu cầu,,gần uỷ ban quận 11  + điện 4k nước 100k/người dịch vụ 150k/phòng,,
p195-l8_20250404-173602,", k",25m2,,quận 10,máy giặt,không yêu cầu,,gần ngã 4 bảy hiền,,
p196-l13_20250404-173602,200k,,,q6,máy lạnh,không yêu cầu,,gần q5  gần trung tâm nhiều tiện ích ra vào vân tay giờ giấc tự do  an ninh cao 24/7  không chung chủ hỗ trợ qua xem và giữ phòng  ưu đãi giảm 300k khi thuê phòng bất kì qua tin này,,
p197-l12_20250404-173602,3k,,,,wifi;máy lạnh,không yêu cầu,,gần chợ;gần trường đh luật ,,
p197-l14_20250404-173602,", k",,,,máy lạnh;chỗ để xe;ban công;máy giặt;tủ lạnh,không yêu cầu,,,,
p197-l4_20250404-173602,", k",,chung cư mini,quận 7,máy lạnh;tủ lạnh,không yêu cầu,,,,
p197-l6_20250404-173602,", k",25m2,chung cư mini,quận 7,máy lạnh;máy giặt,không yêu cầu,,gần chu chế xuất tân thuận,,
p198-l10_20250404-173602,", k",25m2,phòng trọ,quận 7,máy lạnh;máy giặt;tủ lạnh,không yêu cầu,,,,
p198-l11_20250404-173602,", k",,,q11,máy lạnh;tủ lạnh,không yêu cầu,,,,
p198-l12_20250404-173602,", k",25m2,phòng trọ,quận 10,máy lạnh,không yêu cầu,,,,
p198-l15_20250404-173602,",k",,,quận 3,máy lạnh;tủ lạnh,nam,,,,
p198-l16_20250404-173602,,,,quận 3,máy lạnh;máy giặt,không yêu cầu,,,,
p198-l9_20250404-173602,3tr,1  m,,q6,máy lạnh;tủ lạnh,không yêu cầu,,,,
p199-l0_20250404-173602,", k",,,quận 7,máy lạnh;tủ lạnh,không yêu cầu,,gần chợ tân mỹ,,
p199-l8_20250404-173602,3tr,,chung cư mini,quận 6,máy lạnh;máy giặt;tủ lạnh,không yêu cầu,,gần bến xe miền tây  3củ cửa sổ trời 3củ5 view kính siêu rộng  - máy lạnh,,
p199-l9_20250404-173602,3tr,,phòng trọ,quận 7,,không yêu cầu,,,,
p2-l0_20250404-155959,", k",,phòng trọ,q12,,không yêu cầu,,gần mega market q12,,
p2-l10_20250404-155959,800k,,,,,không yêu cầu,,gần sân vận động phú thọ chỉ 800k/giường có bảo vệ,,
p20-l12_20250404-160139,4k,,,,wifi;máy lạnh;máy giặt,nữ,,,,
p20-l13_20250404-160139,", k",,,,,không yêu cầu,,,,
p20-l3_20250404-160139,", k",,chung cư mini,q1,wifi,không yêu cầu,,gần siêu thị,,
p20-l8_20250404-160139,", tr",,,,,không yêu cầu,,,,
p200-l14_20250404-173602,", k",,chung cư mini,q1,wifi,không yêu cầu,,gần siêu thị,,
p200-l3_20250404-173602,", k",,,q3,,không yêu cầu,,gần trung tâm ăn uống,,
p21-l11_20250404-160139,4k,45m2,,quận 1,,không yêu cầu,,gần chợ tân định,1.0,
p21-l3_20250404-160139,,,,quận 3,máy lạnh;máy giặt;tủ lạnh,không yêu cầu,,,,24.0
p21-l6_20250404-160139,", tr",,chung cư mini,quận 1,,không yêu cầu,,gần siêu thị,1.0,
p21-l8_20250404-160139,", k",20m²,,quận 7,máy lạnh;máy giặt;tủ lạnh,không yêu cầu,,gần chợ tân mỹ;gần đường nguyễn thị thập gần chợ tân mỹ địa chỉ: 142 nguyễn thị thập;gần nhiều quán ăn uống;gần lâm văn bền,,
p22-l11_20250404-160139,", k",,,q11,máy lạnh,không yêu cầu,,,,
p22-l16_20250404-160139,", k",,phòng ghép,quận 10,ban công,nữ,,,,
p22-l19_20250404-160139,200k,,,q10,máy lạnh;tủ lạnh,không yêu cầu,,gần đại học văn hiến,,
p22-l2_20250404-160139,", k",,,quận 8,,không yêu cầu,,,,
p23-l3_20250404-160139,,,phòng trọ,quận 6,,không yêu cầu,,gần các trục đường lớn : hậu giang,,
p23-l6_20250404-160139,", k",,,,,không yêu cầu,,,,
p24-l12_20250404-160139,,,,quận 5,,không yêu cầu,,,,
p24-l15_20250404-160139,2tr,,,,,không yêu cầu,,,,
p24-l5_20250404-160139,", k",,,quận 6,máy lạnh;tủ lạnh,không yêu cầu,,gần cầu phạm văn chí,,
p25-l16_20250404-160139,", tr",,phòng trọ,quận 10,máy lạnh,không yêu cầu,,gần các bệnh viện lớn: 115;gần chợ;gần các trường đại học: 	•	đh bách khoa,,
p25-l1_20250404-160139,3tr,,phòng trọ,q6,,không yêu cầu,,,,
p26-l0_20250404-160139,3tr,,,q10,,không yêu cầu,,,,
p26-l12_20250404-160139,500k,,,q3,máy lạnh,nam,,,,
p26-l14_20250404-160139,300k,,chung cư mini,quận 3,,không yêu cầu,,gần chợ nguyễn văn trỗi ,,
p26-l9_20250404-160139,4tr,,chung cư mini,quận 7,máy giặt,không yêu cầu,,gần siêu thị,,
p27-l10_20250404-160139,500k,,chung cư mini,,,không yêu cầu,,gần vòng xoay dân chủ,1.0,
p27-l15_20250404-160139,500k,,,q10,ban công,không yêu cầu,,,,
p27-l16_20250404-160139,3tr,,,quận 12,,không yêu cầu,,,,
p27-l17_20250404-160139,", k",,chung cư mini,quận 10,,không yêu cầu,,,,
p27-l1_20250404-160139,500k,,,q4,ban công,không yêu cầu,,gần cầu nguyễn văn cừ q4 - dương bá trạc q8  gần trung tâm nhiều tiện ích ra vào vân tay giờ giấc tự do  an ninh cao 24/7  không chung chủ hỗ trợ qua xem và giữ phòng  ưu đãi giảm 300k khi thuê phòng bất kì qua tin này,,
p27-l2_20250404-160139,7  k,,,q6,,không yêu cầu,,gần hồng bàng q5  gần trung tâm nhiều tiện ích ra vào vân tay giờ giấc tự do  an ninh cao 24/7  không chung chủ hỗ trợ qua xem và giữ phòng  lh ngay xem phòng,,
p27-l4_20250404-160139,2k,,phòng trọ,quận 6,,không yêu cầu,,,,
p28-l13_20250404-160139,4tr,30m,phòng trọ,quận 5,chỗ để xe;tủ lạnh,không yêu cầu,,gần các đại học (ueh- kinh tế hcm,,
p28-l18_20250404-160139,", k",,chung cư mini,q1,wifi,không yêu cầu,,gần siêu thị,,
p29-l5_20250404-160805,,,,,wifi;máy lạnh,không yêu cầu,,gần đh hoa sen - bách khoa - nhà thi đấu phú thọ - đầm sen  : *** - hòa quản lý (call/zalo),,
p3-l13_20250404-155959,7 tr,,chung cư mini,quận 7,,không yêu cầu,,gần lotte,,
p3-l2_20250404-155959,6tr,35m²,chung cư mini,quận 1,,không yêu cầu,,gần chợ tân định quận 1  bà lê chân - trần quang khải - hai bà trưng quận 1 giáp quận 3  dạng phòng: studio  ️ giá phòng chỉ từ 6tr - 7tr   thiết kế sang trọng;gần siêu thị,1.0,
p3-l3_20250404-155959,,,,,,không yêu cầu,,,,
p30-l10_20250404-160805,,,,quận 10,,không yêu cầu,,,,
p30-l14_20250404-160805,2k,,chung cư mini,quận 10,,không yêu cầu,,gần ngay cư xá đồng tiến,,
p30-l15_20250404-160805,4tr,,,quận 6,máy lạnh;tủ lạnh,không yêu cầu,,,,
p30-l16_20250404-160805,,,,q5,ban công;máy giặt,không yêu cầu,,,,
p30-l19_20250404-160805,1 tr,,,nguyễn trãi,,không yêu cầu,,,,
p30-l4_20250404-160805,", k",,chung cư mini,,,không yêu cầu,,gần lotte,,
p30-l5_20250404-160805,", k",,,quận 7,,không yêu cầu,,gần lê văn lương,,
p30-l6_20250404-160805,,,,q10,,không yêu cầu,,gần vòng xoay lê đại hành giáp q10 q11  ( đường lạc long quân q11)  giờ tự do không chung chủ free xe  vị trí giáp q5 q10 tân bình gần svd phú thọ  còn 1 phòng lầu 1  lh hân xem ngay,,
p31-l1_20250404-160805,4k,,,,,không yêu cầu,,,,
p32-l13_20250404-160805,4k,,,,tủ lạnh,không yêu cầu,,,,
p33-l14_20250404-160805,4tr,,,q5,ban công,không yêu cầu,,,,
p33-l17_20250404-160805,,8m,,,máy giặt,không yêu cầu,,,,
p33-l4_20250404-160805,2k,,,,,không yêu cầu,,,,
p34-l17_20250404-160805,16k,,,quận 10,wifi;máy lạnh;máy giặt,không yêu cầu,,,,
p35-l11_20250404-160805,6tr,,,,,không yêu cầu,,,,
p35-l2_20250404-160805,", k",,,q1,wifi;tủ lạnh,không yêu cầu,,gần quận trung tâm thuận tiện qua lại q1,,
p35-l3_20250404-160805,4k,,,,máy giặt,không yêu cầu,,,,
p35-l5_20250404-160805,4k,,,q10,,không yêu cầu,,,,
p36-l19_20250404-160805,",k",,chung cư mini,quận 1,máy lạnh;tủ lạnh,nữ,,,1.0,
p37-l14_20250404-160805,,,,,,không yêu cầu,,,,
p37-l3_20250404-160805,",k",,chung cư mini,quận 1,máy lạnh;tủ lạnh,nữ,,,1.0,
p37-l8_20250404-160805,,,,,,không yêu cầu,,,,
p37-l9_20250404-160805,,,,,,không yêu cầu,,,,
p38-l16_20250404-160805,7  k,25m,,q8,,không yêu cầu,,gần cầu chũe y q5  gần trung tâm nhiều tiện ích ra vào vân tay giờ giấc tự do  an ninh cao 24/7  không chung chủ hỗ trợ qua xem và giữ phòng 7-10 ngày  ưu đãi giảm 300k khi thuê phòng bất kì qua tin này,,
p38-l17_20250404-160805,24. k,,chung cư mini,quận 4,máy lạnh;tủ lạnh,không yêu cầu,,,,
p38-l19_20250404-160805,3tr,,,quận 5,,không yêu cầu,,,,
p39-l12_20250404-160805,,,,,,không yêu cầu,,,,
p39-l15_20250404-160805,", k",,,,máy lạnh,không yêu cầu,,,,
p39-l8_20250404-160805,4k,,,quận 1,wifi,không yêu cầu,,gần công viên,,
p4-l10_20250404-155959,,1m,,gò vấp,máy lạnh;tủ lạnh,không yêu cầu,,,,
p40-l1_20250404-160805,1 tr,,,quận 6,wifi,không yêu cầu,,,,
p40-l3_20250404-160805,4k,,,quận 10,,không yêu cầu,,gần các trường đại học bách khoa,,
p41-l0_20250404-160805,,,phòng trọ,,,không yêu cầu,,,,
p41-l3_20250404-160805,,,,quận 11,,không yêu cầu,,gần đại học văn hiến và đại học hồng bàng,,
p41-l6_20250404-160805,2tr,,,quận 12,,không yêu cầu,,,,
p42-l1_20250404-160805,", k",,,q12,máy lạnh,không yêu cầu,,,,
p42-l4_20250404-160805,1tr,,phòng khép kín,q4,,không yêu cầu,,,,
p43-l18_20250404-160805,3k,2m,,quận 7,máy giặt,không yêu cầu,,,,
p43-l7_20250404-160805,", k",,,quận 11,wifi;máy giặt,không yêu cầu,,gần chợ,,
p44-l11_20250404-160805,5 tr,30m2,chung cư mini,q10,máy giặt,không yêu cầu,,gần vòng xoay lê đại hành;gần lotte mart,,
p44-l12_20250404-160805,,,,,máy giặt,không yêu cầu,,,1.0,
p44-l15_20250404-160805,,25m2,chung cư mini,q11,máy giặt,không yêu cầu,,gần lotte mart,,
p44-l17_20250404-160805,3.8k,,,q8,,không yêu cầu,,,,
p44-l8_20250404-160805,,,,q6,,không yêu cầu,,gần aeon mall bình tân  - thuận tiện di chuyển: q6,,
p45-l13_20250404-160805,", k",,,,máy giặt,không yêu cầu,,,,
p45-l14_20250404-160805,", k",20m2,,q3,máy lạnh;máy giặt;tủ lạnh,không yêu cầu,,gần cầu lê văn sỹ;gần trường sa,,
p45-l15_20250404-160805,,,,quận 6,wifi;máy lạnh;máy giặt,không yêu cầu,,gần trục võ văn kiệt quận 6 - song hành    • mới 100% đang xây  • nội thất cơ bản: kệ bếp,,
p45-l17_20250404-160805,2k,,,,,không yêu cầu,,,,
p45-l19_20250404-160805,,4.1m,,,ban công,không yêu cầu,,,2.0,1.0
p46-l11_20250404-160805,", k",,,,máy lạnh;tủ lạnh,không yêu cầu,,,,
p46-l9_20250404-160805,", k",,,quận 4,ban công,không yêu cầu,,gần trường đại học luật tp,,
p47-l11_20250404-160805,", k",,chung cư mini,,máy lạnh,không yêu cầu,,,,
p47-l4_20250404-160805,", k",,,,,không yêu cầu,,,,
p47-l7_20250404-160805,", k",,phòng trọ,quận 6,máy lạnh,nữ,,,,
p47-l8_20250404-160805,300k,,,q10,,không yêu cầu,,gần ngay lotte q11,,
p48-l0_20250404-160805,"3,8tr",,,,ban công,không yêu cầu,,,,
p48-l12_20250404-160805,", k",,phòng trọ,,,không yêu cầu,,,,
p48-l17_20250404-160805,", k",25m2,phòng trọ,quận 7,máy lạnh;máy giặt,không yêu cầu,,gần lotte mart,,
p49-l0_20250404-160805,3k,2m,,q7,máy giặt,không yêu cầu,,,,
p49-l12_20250404-160805,", tr",,chung cư mini,quận 10,ban công;máy giặt,không yêu cầu,,gần công viên hoàng văn thụ;gần bệnh viên thống nhất;gần sân bay tsn;gần siêu thị,,
p49-l4_20250404-160805,", k",2m,,quận 12,,không yêu cầu,,gần công viên phần mềm quang trung   vị trí: trưng mỹ tây;gần công viên phần mềm quang trung;gần chợ tô ký,,
p49-l7_20250404-160805,"3,700k",,chung cư mini,quận 5,wifi;gác lửng,không yêu cầu,,gần chợ an đông phòng trọ gần đại học sư phạm tphcm cho thuê ký túc xá gần trường đại học sư phạm tphcm giá rẻ phòng trọ có gác lửng quận 5 phòng trọ đường nguyễn trãi,,
p5-l2_20250404-155959,", k",,phòng trọ,quận 6,,không yêu cầu,,,,
p5-l8_20250404-155959,4tr,,,,ban công,không yêu cầu,,,,
p50-l13_20250404-160805,4k,,,q6,,không yêu cầu,,,,
p50-l19_20250404-160805,2 k,30m2,phòng trọ,,,không yêu cầu,,gần aeon bình tân - vòng xoay phú lâm  giờ giấc tự do không chung chủ phòng rộng raiz thoáng mát - có cửa sổ thuận tiện di chuyển các quận trung tâm,,
p51-l13_20250404-160805,,,,,,không yêu cầu,,,,
p51-l15_20250404-160805,4tr,28 m,,quận 10,,không yêu cầu,,gần @đại học  hutech  sư phạm văn hiến @trung tâm thương mại - mua sắm +mall plaza +chợ phạm văn hai +go! miền đông @giao thông thuận tiện >quận 10 >quận phú nhuận >quận tân binhg ,,
p51-l16_20250404-160805,", k",5 m,,quận 10,máy lạnh;máy giặt,không yêu cầu,,,,
p51-l17_20250404-160805,3tr,,,quận 10,máy lạnh;ban công,không yêu cầu,,gần vòng xoay ngã bảy lý thái tổ ;gần : đại học bách khoa ,2.0,2.0
p51-l1_20250404-160805,,,phòng trọ,quận 11,,không yêu cầu,,gần đại học văn hiến  tiện ích xung quanh đầy đủ,,
p51-l3_20250404-160805,3k,,,q6,,không yêu cầu,,,,
p51-l4_20250404-160805,11  tr,,,q10,,không yêu cầu,,gần dhyd q5,,
p51-l6_20250404-160805,5 tr,200m,phòng ghép,q5,wifi;máy lạnh;máy giặt;tủ lạnh,không yêu cầu,,,,
p52-l16_20250404-160805,,,,,máy giặt,nữ,,,,
p53-l0_20250404-160805,1 tr,,,q12,,không yêu cầu,,,2.0,
p53-l10_20250404-160805,500k,,,quận 5,,không yêu cầu,,gần chợ ,,
p53-l14_20250404-160805,", k",,,quận 1,máy lạnh,không yêu cầu,,gần chợ hồ thị kỷ - ngã bảy lý thái tổ)  - toà nhà mới xây 100%  - nội thất cơ bản: máy lạnh;gần các đh lớn ueh ,,
p53-l15_20250404-160805,", k",20m2,,q3,máy lạnh;máy giặt;tủ lạnh,không yêu cầu,,gần cầu lê văn sỹ;gần trường sa,,
p53-l18_20250404-160805,800k,,,q11,wifi;máy lạnh;máy giặt,không yêu cầu,,gần đầm sen chỉ với 1;gần các trường đại học & bệnh viện lớn  chủ quản,,
p53-l19_20250404-160805,,,,,,không yêu cầu,,gần võ văn kiệt thuận tiện đi trung tâm   điện 4,,
p53-l1_20250404-160805,,,,,máy lạnh;máy giặt,nữ,,,,
p53-l3_20250404-160805,,,,quận 8,,không yêu cầu,,,,
p53-l4_20250404-160805,", k",,,,máy lạnh,không yêu cầu,,,,
p53-l6_20250404-160805,", k",,,q5,,không yêu cầu,,,,
p53-l7_20250404-160805,,,,,máy lạnh,không yêu cầu,,,,
p54-l0_20250404-160805,,,,quận 6,máy giặt,không yêu cầu,,,,
p54-l12_20250404-160805,4k,25m2,,q1,ban công,không yêu cầu,,,,
p54-l13_20250404-160805,4k,,,q1,,không yêu cầu,,,32.0,2.0
p54-l15_20250404-160805,4k,25m2,,q11,ban công,không yêu cầu,,,,
p54-l3_20250404-160805,", k",,,,,không yêu cầu,,gần bệnh viện chợ rẫy,,
p54-l5_20250404-160805,,,,q11,chỗ để xe;máy giặt,không yêu cầu,,gần nhà thi đấu lãnh binh thăng q11  điện 3,,
p55-l18_20250404-160805,4k,,,quận 5,,không yêu cầu,,,,
p55-l19_20250404-160805,", k",,chung cư mini,quận 3,ban công,không yêu cầu,,gần ga sài gòn,,
p55-l1_20250404-160805,", k",,,q11,máy lạnh;toilet riêng,không yêu cầu,,gần vòng xoay lê đại hành q10  toilet riêng;gần trung tâm nhiều tiện ích ra vào vân tay giờ giấc tự do  an ninh cao 24/7  không chung chủ hỗ trợ qua xem và giữ phòng  ưu đãi giảm 300k khi thuê phòng bất kì qua tin này,,10.0
p55-l2_20250404-160805,,,,q6,,không yêu cầu,,,,
p55-l6_20250404-160805,,,,quận 7,,không yêu cầu,,,,
p56-l12_20250404-160805,1.2k,35m2,,quận 3,máy giặt,không yêu cầu,,gần bệnh viện quận 3 (1;gần các tiện ích như chợ,,
p56-l13_20250404-160805,", k",300m,,quận 1,wifi;máy lạnh;ban công;máy giặt;tủ lạnh,không yêu cầu,,gần sát mặt tiền  full nội thất gồm: giường,,
p56-l16_20250404-160805,,300m,,quận 1,wifi;ban công,không yêu cầu,,,,
p56-l17_20250404-160805,1k,,,nguyễn trãi,wifi;máy lạnh;tủ lạnh,không yêu cầu,,gần các tuyến đh quận 5,,
p56-l18_20250404-160805,,,,,máy lạnh,không yêu cầu,,gần chợ - nhiều tiện ích  • giờ giấc tự do - ra vào vân tay  • bảo vệ trông xe  • phòng cửa sổ thoáng  • có sẵn máy lạnh  điện 3800/kwh nước 100,,
p56-l5_20250404-160805,", k",,,quận 1,,không yêu cầu,,gần chợ,,
p56-l8_20250404-160805,", k",,phòng trọ,q5,wifi;máy giặt,không yêu cầu,,,,
p57-l0_20250404-160805,,,,q11,máy giặt,không yêu cầu,,gần chợ - nhiều tiện ích   điện 3,,
p57-l10_20250404-160805,"3,8 tr",25m²,chung cư mini,quận 10,máy lạnh;chỗ để xe;tủ lạnh,không yêu cầu,,,,
p57-l11_20250404-160805,", k",25m2,,quận 3,máy lạnh,không yêu cầu,,gần các địa điểm ăn uống;gần trung tâm thành phố - gần các tuyến đường chính như nguyễn thị minh khai,,
p57-l15_20250404-160805,5tr,,phòng trọ,q7,,không yêu cầu,,gần kcx tân thuận ,,
p57-l2_20250404-160805,300k,,,q6,máy lạnh,không yêu cầu,,gần đoạn võ văn kiệt q5  gần trung tâm nhiều tiện ích ra vào vân tay giờ giấc tự do  an ninh cao 24/7  không chung chủ hỗ trợ qua xem và giữ phòng  ưu đãi giảm 300k khi thuê phòng bất kì qua tin này,,
p57-l5_20250404-160805,", tr",20m,chung cư mini,quận 3,máy lạnh;ban công;tủ lạnh,không yêu cầu,,gần bờ kè;gần cầu lê văn sỹ)  -  vị trí trung tâm q,,
p58-l10_20250404-160805,", k",,phòng ghép,,wifi;máy lạnh,không yêu cầu,,gần trung tâm,,
p58-l17_20250404-160805,", k",,,,ban công,không yêu cầu,,,,
p58-l19_20250404-160805,", k",,,quận 7,máy lạnh,không yêu cầu,,,,
p58-l7_20250404-160805,3tr,,,q5,,không yêu cầu,,,,
p58-l8_20250404-160805,300k,7 m,,q11,wifi;máy lạnh,không yêu cầu,,,,
p6-l0_20250404-160139,", k",,chung cư mini,quận 5,wifi;máy lạnh;ban công;máy giặt,không yêu cầu,,,,
p6-l11_20250404-160139,,,,q10,máy lạnh;tủ lạnh,không yêu cầu,,,,
p6-l13_20250404-160139,24 tr,,chung cư mini,quận 6,máy lạnh;máy giặt;tủ lạnh,không yêu cầu,,,,
p6-l19_20250404-160139,,,,,,nam,,,,
p6-l1_20250404-160139,", k",,phòng trọ,quận 10,máy lạnh;ban công;gác lửng,không yêu cầu,,gần các trường đại học lớn:  đh y dược tp;gần các khu trung tâm thương mại,,
p6-l2_20250404-160139,,,,,,không yêu cầu,,,,
p6-l5_20250404-160139,", k",,chung cư mini,quận 3,máy lạnh;máy giặt;tủ lạnh,không yêu cầu,,gần chợ,,
p60-l14_20250404-160805,1tr,120 m,phòng trọ,quận 1,máy lạnh;máy giặt,không yêu cầu,,gần siêu thị satra) đến gọi mình ra đón ✅ cs3-4 : 350 huỳnh tấn phát quận 7- cách kcx tan thuan 500m ,,
p60-l2_20250404-160805,1.5k,700m,,quận 5,máy lạnh,không yêu cầu,,,,
p61-l17_20250404-160805,,,,q7,wifi;máy lạnh;tủ lạnh,không yêu cầu,,,,
p61-l8_20250404-160805,", k",,phòng trọ,quận 10,,không yêu cầu,,gần các tuyến đường tô hiến thành,,
p62-l10_20250404-160805,3tr,1m,,q5,gác lửng;máy giặt,không yêu cầu,,gần aeon,,
p62-l15_20250404-160805,3tr,,,,,không yêu cầu,,gần ngã tư quốc lộ 50 giao nguyễn văn linh )  đa dạng phòng 3tr-3tr8-4tr-4tr5-5tr  nội thất cơ bản ra vào vân tay,1.0,
p63-l10_20250404-160805,4tr,,phòng trọ,,,không yêu cầu,,gần trung tâm và kcx tân thuậnc ufm,,
p63-l11_20250404-160805,,,,q7,,không yêu cầu,,gần chợ tân mỹ thang máy  hầm xe/ bãi xe  vân tay xe hơi thoải mái ở được 4ng,,
p63-l4_20250404-160805,"22, tr",,phòng trọ,,,không yêu cầu,,,,
p63-l8_20250404-160805,3tr,,phòng trọ,q7,,không yêu cầu,,,,
p64-l13_20250404-160805,300k,,,,tủ lạnh,không yêu cầu,,,,
p64-l14_20250404-160805,", tr",,phòng trọ,quận 3,máy giặt,không yêu cầu,,gần các tiện ích như chợ,,
p64-l16_20250404-160805,,,,,,không yêu cầu,,,,
p64-l18_20250404-160805,7  k,,,q6,,không yêu cầu,,gần trung tâm nhiều tiện ích ra vào vân tay giờ giấc tự do  an ninh cao 24/7  không chung chủ hỗ trợ qua xem và giữ phòng  ưu đãi giảm 300k khi thuê phòng bất kì qua tin này,,
p64-l3_20250404-160805,7tr,,,q10,ban công,không yêu cầu,,,,
p65-l0_20250404-160805,,,,,,không yêu cầu,,gần ueh,,
p65-l10_20250404-160805,,4 m,,,máy lạnh,không yêu cầu,,gần aeon bình tân giờ giấc tự do cửa vân tay riêng đường rộng không hẻm thuận tiện di chuyển các tuyến đường không kẹt xe,,
p65-l16_20250404-160805,", tr",,,bình thạnh,máy lạnh;máy giặt,không yêu cầu,,gần nhà thờ vườn xoài,,
p65-l5_20250404-160805,", k",,,tp.hcm,,không yêu cầu,,gần lotte mart q;gần đh tôn đức thắng,,
p65-l6_20250404-160805,300k,,,q8,máy lạnh;gác lửng,không yêu cầu,,gần bến xe q8 quốc lộ 50  thêm máy lạnh +300k 3tr gác lửng nhỏ 3tr5 gác lửng to,,
p65-l9_20250404-160805,", k",,chung cư mini,,,không yêu cầu,,,,
p66-l16_20250404-160805,,,chung cư mini,quận 7,,không yêu cầu,,gần khu đại học nguyễn tất thành;gần khu chế xuất tân thuận quận 7  địa chỉ: 308 huỳnh tấn phát,,
p66-l18_20250404-160805,4k,,,quận 3,wifi;máy lạnh;ban công;máy giặt;tủ lạnh,không yêu cầu,,,,
p66-l3_20250404-160805,4tr,,chung cư mini,q6,ban công;gác lửng,không yêu cầu,,gần chợ an đông phòng trọ gần đại học sư phạm tphcm cho thuê ký túc xá gần trường đại học sư phạm tphcm giá rẻ phòng trọ có gác lửng quận 5 phòng trọ đường nguyễn trãi,,
p66-l9_20250404-160805,5tr,30 m,,quận 10,tủ lạnh,không yêu cầu,,gần @@khu chợ - mua sắm chợ phạm văn hai chợ hưng hòa q,,
p67-l5_20250404-160805,3k,,chung cư mini,q1,wifi;máy lạnh;máy giặt;tủ lạnh,không yêu cầu,,gần bờ kè hoàng sa - trường sa- giáp q1-q3-q5-q10  - kết cấu toà nhà: 3 tầng - 6 phòng - thang bộ  - danh mục nội thất : kệ bếp,1.0,
p68-l19_20250404-160805,", k",,,q8,ban công,không yêu cầu,,gần bùi viện đi xe tầm 10p   #hifriendz #chothuecanhogiare #phongtroquan5 #phongtroquan6 #phongtroquan8 #canhogiare #phongtrogiare #xuhuong #facebook #trogiarequan11 #1phongngu #1pn #chdvquan11 #troquan11;gần đường nguyễn trãi,1.0,
p68-l5_20250404-160805,", k",,,quận 7,máy lạnh;tủ lạnh,không yêu cầu,,gần chợ tân mỹ,,
p69-l10_20250404-160805,", k",,phòng trọ,,máy lạnh,không yêu cầu,,,,
p69-l13_20250404-160805,", k",,chung cư mini,nguyễn trãi,,không yêu cầu,,gần chợ an đông,1.0,
p69-l18_20250404-160805,2tr,,,,ban công,không yêu cầu,,,,
p69-l5_20250404-160805,", tr",,chung cư mini,,,không yêu cầu,,gần siêu thị,1.0,
p7-l12_20250404-160139,800k,400m,phòng trọ,q4,wifi;máy lạnh;máy giặt,không yêu cầu,,,,
p7-l17_20250404-160139,,,chung cư mini,q10,wifi;máy lạnh;máy giặt,không yêu cầu,,gần đầm sen  tiện ích có sẵn:  ✔ giường tầng rộng rãi,,
p7-l1_20250404-160139,3 triệu,30m2,,,máy lạnh;máy giặt,không yêu cầu,,gần chợ,,
p7-l2_20250404-160139,", k",,phòng ghép,q7,wifi;máy lạnh;máy giặt,không yêu cầu,,gần dh tôn đức thắng  địa chỉ: 34 đường 36 tân quy q7 ( gần 432 nguyễn thị thập là đường 36 )  tiện ích  máy lạnh,,
p7-l8_20250404-160139,,7 m,,q10,wifi;máy lạnh;ban công,không yêu cầu,,gần lotte mart q10  chi nhánh 1: khu cư xá bắc hải,,
p70-l0_20250404-160805,500k,,,q11,,không yêu cầu,,gần q10  gần trung tâm nhiều tiện ích ra vào vân tay giờ giấc tự do  an ninh cao 24/7  không chung chủ hỗ trợ qua xem và giữ phòng  ưu đãi giảm 300k khi thuê phòng bất kì qua tin này,,
p70-l11_20250404-160805,", k",,,q8,máy lạnh,không yêu cầu,,gần cụm đh sgu,,
p70-l13_20250404-160805,", tr",,phòng khép kín,quận 10,máy lạnh;máy giặt,không yêu cầu,,gần chợ,,
p70-l15_20250404-160805,,,,q3,,không yêu cầu,,,,
p70-l16_20250404-160805,4tr,,phòng trọ,quận 3,máy giặt,không yêu cầu,,gần các tiện ích,,
p70-l19_20250404-160805,5tr,,phòng trọ,quận 3,ban công,không yêu cầu,,gần các tiện ích như trường học,,
p70-l2_20250404-160805,", tr",,phòng khép kín,quận 10,ban công,không yêu cầu,,gần các trường đại học: 	•	đh bách khoa;gần an dương vương;gần chợ;gần các bệnh viện lớn: 115,,
p70-l8_20250404-160805,"5, k",,,q5,,không yêu cầu,,,,
p71-l11_20250404-160805,", k",,,q6,máy lạnh;tủ lạnh,không yêu cầu,,,,
p71-l13_20250404-160805,,,,,ban công;máy giặt,không yêu cầu,,,,
p72-l19_20250404-160805,4tr,30m2,,,ban công;tủ lạnh,không yêu cầu,,,,
p73-l0_20250404-160805,4tr,22m2,,q1,,không yêu cầu,,,,
p73-l14_20250404-160805,,35m2,,quận 11,máy giặt,không yêu cầu,,gần đại học văn hiến - đầm sen quận 11  địa chỉ: hoà bình - tân phú - quận 11 phòng rộng 30-35m2 giờ giấc tự do bảo vệ toà nhà có máy giặt chung - sân phơi ra vào thẻ từ vân tay phòng rộng không giới hạn người ở  liên hệ xem phòng gọi trước 20p,,
p73-l19_20250404-160805,2k,,,,,không yêu cầu,,,,
p73-l1_20250404-160805,4k,,,,,không yêu cầu,,,,
p73-l2_20250404-160805,", k",,,,,không yêu cầu,,,,
p73-l5_20250404-160805,,,,q1,ban công,không yêu cầu,,,,
p73-l7_20250404-160805,,,,quận 4,,không yêu cầu,,,,
p74-l12_20250404-160805,4tr,,,q8,ban công,không yêu cầu,,gần các đại học ueh,,
p74-l13_20250404-160805,", k",,,q1,máy giặt,không yêu cầu,,gần các trường đại học ueh,,
p74-l15_20250404-160805,", k",35m2,,q6,máy lạnh,không yêu cầu,,,,
p74-l17_20250404-160805,3tr,,,q8,,không yêu cầu,,gần ueh;gần bến xe q8  giá cực mềm chỉ từ 3tr2-3tr7  nhận giữ phòng tới giữa tháng 3  thuận tiện di chuyển q5 chỉ 10p đi xe,,
p74-l18_20250404-160805,4k,,,q10,ban công;tủ lạnh,không yêu cầu,,,,
p74-l2_20250404-160805,4tr,,,q6,tủ lạnh,không yêu cầu,,,,
p74-l3_20250404-160805,", tr",,phòng khép kín,quận 1,,không yêu cầu,,gần các tiện ích như chợ,,
p74-l4_20250404-160805,2 k,,chung cư mini,quận 12,,không yêu cầu,,,,
p75-l0_20250404-160805,4k,,,,,không yêu cầu,,,,
p75-l12_20250404-160805,,,,,,không yêu cầu,,,,
p75-l13_20250404-160805,,,,q11,,không yêu cầu,,,,
p75-l14_20250404-160805,5tr,,,q5,,không yêu cầu,,,,
p75-l1_20250404-160805,4k,,,q10,máy lạnh;máy giặt;tủ lạnh,không yêu cầu,,,,
p75-l2_20250404-160805,4k,,,q1,máy lạnh,không yêu cầu,,,,
p75-l3_20250404-160805,4k,,,,,không yêu cầu,,,,
p75-l8_20250404-160805,", k",,phòng trọ,q3,wifi;chỗ để xe;ban công,không yêu cầu,,gần các tiện ích như trường học,,
p75-l9_20250404-160805,3k,,,q5,,không yêu cầu,,,,
p76-l0_20250404-160805,800k,,phòng trọ,q10,wifi;máy lạnh;máy giặt,không yêu cầu,,gần các trường đại học & bệnh viện lớn (thuận kiều,,
p76-l10_20250404-160805,", k",,phòng trọ,nguyễn trãi,wifi;máy lạnh;máy giặt;tủ lạnh,không yêu cầu,,gần phố đi bộ nguyễn huệ;gần cinestar nguyễn trãi khu vực an ninh hẻm cụtn ngay trung tâm quận 1;gần phố tây bùi viện,,
p76-l16_20250404-160805,"8, k",25m2,,,máy lạnh,không yêu cầu,,,,
p76-l17_20250404-160805,1 tr,,,q10,wifi;máy lạnh,không yêu cầu,,gần vx lý thái tổ ,,
p76-l9_20250404-160805,5.5 triệu,25m²,,quận 3,máy giặt,không yêu cầu,,gần công trường dân chủ,,
p77-l15_20250404-160805,4k,,,quận 5,,không yêu cầu,,,,
p77-l17_20250404-160805,", k",,phòng trọ,quận 12,wifi;máy lạnh;tủ lạnh,không yêu cầu,,,,
p78-l0_20250404-160805,", k",,phòng trọ,,máy lạnh,không yêu cầu,,gần đầm sen,,
p78-l10_20250404-160805,4tr,,chung cư mini,quận 1,,không yêu cầu,,gần siêu thị,1.0,
p78-l14_20250404-160805,5tr,,chung cư mini,quận 1,,không yêu cầu,,gần siêu thị,1.0,
p78-l3_20250404-160805,,,,,,không yêu cầu,,,,
p78-l7_20250404-160805,"1, tr",1 m,chung cư mini,q7,máy giặt;tủ lạnh,không yêu cầu,,gần đại học cầu tân thuận qua quận 4 quận 1,,
p78-l9_20250404-160805,,,phòng trọ,,máy lạnh;tủ lạnh,không yêu cầu,,,,
p79-l11_20250404-160805,6tr,,,q1,ban công,không yêu cầu,,,,
p79-l13_20250404-160805,,,,,,không yêu cầu,,,,
p79-l15_20250404-160805,,,,,,không yêu cầu,,,,
p79-l16_20250404-160805,,,,,,không yêu cầu,,,,
p79-l17_20250404-160805,", k",,chung cư mini,,ban công,không yêu cầu,,gần sân vận động phú thọ,1.0,
p79-l19_20250404-160805,3tr,,,,,không yêu cầu,,,,
p79-l1_20250404-160805,,,chung cư mini,quận 7,,không yêu cầu,,gần quận 7 thuận tiện di chuyển quận 4;gần trung tâm thương mại lotte;gần trường đại học tdtu,,
p79-l4_20250404-160805,", k",,,,wifi;ban công;máy giặt,không yêu cầu,,gần lý chiêu hoàng,,
p8-l10_20250404-160139,5tr,100m,phòng trọ,,ban công,nam,,gần chợ,,
p8-l11_20250404-160139,,7 m,,q11,wifi;máy lạnh,không yêu cầu,,,,
p8-l13_20250404-160139,4k,,,,,không yêu cầu,,,,
p8-l16_20250404-160139,3tr,500 m,phòng trọ,quận 3,,không yêu cầu,,gần chợ nguyễn văn trỗi (500 m);gần các tiện ích như chợ,,
p8-l18_20250404-160139,,7 m,,q10,wifi;máy lạnh;ban công,không yêu cầu,,gần lotte mart q10  bảo vệ 24/7 giặt phơi chung bếp chung khu sinh hoạt chung máy lọc nước giờ giấc tự do 24/7 máy lạnh phà phà 24/24 wifi có sẵn nhà xe tại gia (bảo vệ 24/7)  còn nhiều giường vị trí đẹp tha hồ lựa chọn!  lh: lynh (call/zalo) để được tư vấn chi tiết và xem thực tế!,,
p8-l9_20250404-160139,,,,quận 6,máy giặt,không yêu cầu,,,,
p80-l11_20250404-160805,,,,quận 11,máy giặt,không yêu cầu,,gần nút giao đầm sen quận 11   • toà nhà mới - sạch sẽ  • thang máy di chuyển  • máy giặt chung  • hầm xe - bảo vệ 24/24   điện 4,,
p81-l13_20250404-160805,,,chung cư mini,,,không yêu cầu,,gần ngay đại học ueh,,
p81-l17_20250404-160805,", k",40m2,chung cư mini,quận 1,ban công,không yêu cầu,,gần metro bến thành  vị trí: lý tự trọng quận 1 gần chợ bến thành,,
p81-l2_20250404-160805,4tr,,,quận 7,,không yêu cầu,,gần cầu phú mỹ;gần các trường đại học tài chính - marketing (ufm),,
p82-l1_20250404-160805,,,,q5,máy lạnh;ban công;máy giặt;tủ lạnh,không yêu cầu,,gần đầm sen;gần đh kinh tế;gần chợ,,
p82-l2_20250404-160805,,,,q11,,không yêu cầu,,,,
p83-l0_20250404-160805,81 tr,,,,máy lạnh;máy giặt,không yêu cầu,,gần công viên tao đàn,,
p83-l6_20250404-160805,3k,,chung cư mini,tp.hcm,máy lạnh;máy giặt,không yêu cầu,,gần đh bách khoa,,
p84-l0_20250404-160805,3tr,,,quận 12,máy lạnh;tủ lạnh,không yêu cầu,,,,
p84-l13_20250404-160805,4tr,,,quận 7,,không yêu cầu,,,,
p84-l14_20250404-160805,5tr,,chung cư mini,quận 7,,không yêu cầu,,gần cầu nguyễn thị thập,,
p84-l3_20250404-160805,3tr,1m,,q5,,không yêu cầu,,gần đh y dược q5  1 đường thẳng là tới dhyd thang máy,,
p84-l4_20250404-160805,300k,26m²,,q6,,không yêu cầu,,,,
p84-l5_20250404-160805,300k,,,q10,máy lạnh,không yêu cầu,,gần vòng xoay nên ụn qua q10 cái vèo   thuê phòng trong tháng có voucher tặng 300k nha các người đẹp ơi  3tr5 chưa có máy lạnh  thêm máy lạnh + 300k     zalo/call: ***,,
p84-l9_20250404-160805,,,,q4,,không yêu cầu,,,,
p85-l13_20250404-160805,4k,,,,,không yêu cầu,,,,
p86-l18_20250404-160805,,,,,,không yêu cầu,,,,
p86-l19_20250404-160805,,,,,ban công,không yêu cầu,,,,
p86-l2_20250404-160805,1.4k,800m,,quận 3,ban công;máy giặt,nữ,,gần co,,
p86-l8_20250404-160805,,,,q11,,không yêu cầu,,,,
p87-l13_20250404-160805,", k",,chung cư mini,quận 8,ban công,không yêu cầu,,gần cầu chà và,,
p88-l12_20250404-160805,300k,,,quận 3,máy lạnh;máy giặt;tủ lạnh,không yêu cầu,,,,
p88-l13_20250404-160805,4k,,,q10,ban công;tủ lạnh,không yêu cầu,,,,
p88-l15_20250404-160805,4k,,,quận 3,wifi,không yêu cầu,,,,
p89-l15_20250404-160805,6 tr,,,quận 6,tủ lạnh,không yêu cầu,,,,
p89-l17_20250404-160805,2 tr,,,quận 4,tủ lạnh,không yêu cầu,,gần 2 trường đại học luật và nttu thêm tủ lạnh : + 200k  call/zalo : *** để được hỗ trợ,,
p89-l2_20250404-160805,,,,,,không yêu cầu,,,,
p9-l0_20250404-160139,. k,2  m,phòng trọ,quận 7,wifi;máy lạnh;ban công;máy giặt;tủ lạnh,không yêu cầu,,gần khu chế xuất tân thuận,,
p9-l15_20250404-160139,4. k,28m2,,quận 4,ban công,không yêu cầu,,gần chợ cửa hàng,,
p9-l1_20250404-160139,", k",25m2,phòng trọ,,,không yêu cầu,,gần đh bách khoa ,,
p9-l3_20250404-160139,", tr",,,q10,máy lạnh;máy giặt;tủ lạnh,không yêu cầu,,,,
p9-l7_20250404-160139,"1,6 triệu",3 m,phòng ghép,quận 4,wifi;máy lạnh;máy giặt;tủ lạnh,không yêu cầu,,,,
p9-l9_20250404-160139,"1,6 triệu",,phòng trọ,q1,wifi;máy lạnh;máy giặt;tủ lạnh,không yêu cầu,,gần kcx tân thuận)  ktx ,,
p90-l0_20250404-160805,", k",10 m,,q8,,không yêu cầu,,gần đhyd,,
p90-l14_20250404-160805,,,,q6,ban công,không yêu cầu,,,,
p90-l15_20250404-160805,1tr,200m,phòng ghép,quận 5,wifi;máy lạnh;máy giặt;tủ lạnh,không yêu cầu,,,,
p90-l18_20250404-160805,,,,quận 3,ban công;máy giặt,nữ,,gần saigon square ( 5–7 phút ),,
p90-l9_20250404-160805,,,,,máy giặt,không yêu cầu,,gần chợ siêu thị;gần chợ bến thành,,
p91-l0_20250404-160805,6tr,30m2,,,máy lạnh;máy giặt;tủ lạnh,không yêu cầu,,,,
p91-l14_20250404-160805,"3,9tr",,,q3,máy lạnh;máy giặt;tủ lạnh,nam,,,,
p91-l4_20250404-160805,",k",,,,máy lạnh,không yêu cầu,,,,
p91-l5_20250404-160805,", k",10  m,,quận 11,máy lạnh;ban công;máy giặt,không yêu cầu,,gần đại học văn hiến  full nội thất: máy lạnh,,
p92-l1_20250404-160805,,,,,,không yêu cầu,,gần aeon bình tân  trống sẵn các phòng có gác cao đứng được  phòng trang bị full nội thất - có máy nước nóng luôn toà nhà sạch sẽ - an ninh cao có thang máy - bảo vệ đội ngũ quản lí chuyên nghiệp hệ thống pccc đầy đủ - tiện nghi  liên hệ xem phòng gọi trước 20p,,
p92-l5_20250404-160805,", k",24 m,,quận 10,wifi;máy lạnh;toilet riêng;máy giặt,nữ,,gần công viên lê thị riêng,,
p93-l0_20250404-160805,3tr,,,,máy giặt,không yêu cầu,,,,
p93-l10_20250404-160805,,,,quận 11,,không yêu cầu,,gần đại học văn hiến và đại học hồng bàng,,
p93-l12_20250404-160805,4k,,phòng trọ,q1,,không yêu cầu,,,,
p93-l13_20250404-160805,9.5 triệu,60m²,,quận 1,wifi;máy lạnh;ban công;máy giặt,không yêu cầu,,,,
p93-l14_20250404-160805,", k",,chung cư mini,quận 1,máy lạnh;ban công;máy giặt;tủ lạnh,không yêu cầu,,gần chợ;gần vinhomes ba son,1.0,
p93-l17_20250404-160805,", k",,,q10,máy lạnh,không yêu cầu,,,,
p93-l1_20250404-160805,,,,quận 11,,không yêu cầu,,,,
p93-l4_20250404-160805,4tr,,,q6,,không yêu cầu,,,,
p93-l6_20250404-160805,2tr,,,q8,,không yêu cầu,,,,
p93-l7_20250404-160805,5tr,,,q8,,không yêu cầu,,,,
p94-l12_20250404-160805,", k",,,q8,,nam,,,,
p94-l7_20250404-160805,", tr",,,quận 10,wifi;máy lạnh;toilet riêng;tủ lạnh,nữ,,gần các tuyến đường chính như cách mạng tháng 8 và tô hiến thành;gần trường đại học bách khoa - đhqg tp;gần công viên lê thị riêng,,
p95-l13_20250404-160805,", k",30m,,quận 3,wifi;máy giặt;tủ lạnh,không yêu cầu,,,,
p95-l17_20250404-160805,", tr",,,quận 3,máy lạnh,không yêu cầu,,gần chợ,,
p95-l18_20250404-160805,. k,,phòng trọ,quận 3,máy giặt,không yêu cầu,,,,
p95-l1_20250404-160805,7  k,,,quận 11,,không yêu cầu,,gần svđ phú thọ quận 10  gần trung tâm nhiều tiện ích ra vào vân tay giờ giấc tự do  an ninh cao 24/7  không chung chủ hỗ trợ qua xem và giữ phòng  ưu đãi giảm 300k khi thuê phòng bất kì qua tin này,,
p95-l2_20250404-160805,87 tr,117 m,,quận 1,,không yêu cầu,,gần đại học văn lang;gần nhất:  trạm cống quỳnh: cách khoảng 117 mét;gần 87 trần đình xu:  cửa hàng tiện lợi: circle k tại 131 trần đình xu;gần đường trần đình xu,,
p95-l5_20250404-160805,4k,,,q5,,không yêu cầu,,,,
p96-l13_20250404-160805,", k",,phòng trọ,quận 5,ban công;gác lửng,không yêu cầu,,gần chợ an đông phòng trọ gần đại học sư phạm tphcm cho thuê ký túc xá gần trường đại học sư phạm tphcm giá rẻ phòng trọ có gác lửng quận 5 phòng trọ đường nguyễn trãi,,
p96-l18_20250404-160805,,,phòng trọ,quận 6,,không yêu cầu,,,1.0,
p97-l14_20250404-160805,", k",,,quận 10,,không yêu cầu,,gần khu chợ,,
p97-l17_20250404-160805,", k",,,,máy lạnh;tủ lạnh,không yêu cầu,,,,
p97-l7_20250404-160805,20tr,,,,,không yêu cầu,,,,
p97-l8_20250404-160805,4k,,,q8,,nam,,,,
p98-l7_20250404-160805,", tr",,chung cư mini,quận 1,,không yêu cầu,,gần siêu thị,1.0,
p99-l14_20250404-160805,,,,,ban công,không yêu cầu,,,,
p99-l18_20250404-160805,,,,quận 5,,không yêu cầu,,,,
